"Part";"Value";"Device";"Package";"Description";"ARROW_PART_NUMBER";"ARROW_PRICE-STOCK";"DESCRIPTION";"HEIGHT";"MANUFACTURER_NAME";"MANUFACTURER_PART_NUMBER";"MOUSER_PART_NUMBER";"MOUSER_PRICE-STOCK";"MOUSER_TESTING_PART_NUMBER";"MOUSER_TESTING_PRICE-STOCK";
"C1";"0.1uF";"B32922X2104K000";"B32922X_(18_X_5)";"EMI Suppression Capacitors, 0.1uF, 275Vrms AC, 5m(W) x 10.5m(H) x 18m(L)";"B32922X2104K000";"https://www.arrow.com/en/products/b32922x2104k000/epcos-tdk?region=nac";"EMI Suppression Capacitors, 0.1uF, 275Vrms AC, 5m(W) x 10.5m(H) x 18m(L)";"10.5mm";"TDK";"B32922X2104K000";"871-B32922X2104K000";"https://www.mouser.co.uk/ProductDetail/EPCOS-TDK/B32922X2104K000?qs=TuK3vfAjtkWDVip5zaCELA%3D%3D";"";"";
"C2";"220uF";"860010473011";"CAPPRD250W52D630H1250";"Wurth Elektronik 220uF 25 V dc Aluminium Electrolytic Capacitor, WCAP-ATG8 Series 2000h 6.3 (Dia.) x 11mm";"";"";"Wurth Elektronik 220uF 25 V dc Aluminium Electrolytic Capacitor, WCAP-ATG8 Series 2000h 6.3 (Dia.) x 11mm";"12.5mm";"Wurth Elektronik";"860010473011";"710-860010473011";"https://www.mouser.co.uk/ProductDetail/Wurth-Elektronik/860010473011?qs=0KOYDY2FL2%252Bm07azjhm%2FHQ%3D%3D";"";"";
"C3";"18pF";"04025U180FAT2A";"CAPC1005X56N";"AVX - 04025U180FAT2A - CAP, MLCC, C0G / NP0, 18PF, 50V, 0402";"04025U180FAT2A";"https://www.arrow.com/en/products/04025u180fat2a/avx";"AVX - 04025U180FAT2A - CAP, MLCC, C0G / NP0, 18PF, 50V, 0402";"0.56mm";"AVX";"04025U180FAT2A";"581-04025U180FAT2A";"https://www.mouser.co.uk/ProductDetail/AVX/04025U180FAT2A/?qs=lqAf%2FiVYw9iIZ7dTMzpUiQ%3D%3D";"";"";
"C4";"18pF";"04025U180FAT2A";"CAPC1005X56N";"AVX - 04025U180FAT2A - CAP, MLCC, C0G / NP0, 18PF, 50V, 0402";"04025U180FAT2A";"https://www.arrow.com/en/products/04025u180fat2a/avx";"AVX - 04025U180FAT2A - CAP, MLCC, C0G / NP0, 18PF, 50V, 0402";"0.56mm";"AVX";"04025U180FAT2A";"581-04025U180FAT2A";"https://www.mouser.co.uk/ProductDetail/AVX/04025U180FAT2A/?qs=lqAf%2FiVYw9iIZ7dTMzpUiQ%3D%3D";"";"";
"C16";"0.1uF";"C0402C104K4RACTU";"C0402";"SMD Comm X7R, Ceramic, 0.1 uF, 10%, 16 VDC, 40 VDC, 125C, -55C, X7R, SMD, MLCC, Temperature Stable, Class II, 10 % , 5 GOhms, 1.21 mg, 0402, 1mm, 0.5mm, 0.5mm, 0.3mm, 0.3mm, 10000, 78  Weeks, 80";"C0402C104K4RACTU";"https://www.arrow.com/en/products/c0402c104k4ractu/kemet-corporation?region=nac";"SMD Comm X7R, Ceramic, 0.1 uF, 10%, 16 VDC, 40 VDC, 125C, -55C, X7R, SMD, MLCC, Temperature Stable, Class II, 10 % , 5 GOhms, 1.21 mg, 0402, 1mm, 0.5mm, 0.5mm, 0.3mm, 0.3mm, 10000, 78  Weeks, 80";"0.55mm";"KEMET";"C0402C104K4RACTU";"80-C0402C104K4R";"https://www.mouser.co.uk/ProductDetail/KEMET/C0402C104K4RACTU?qs=DBJr%252BvBUjU54jK7d4uAeew%3D%3D";"";"";
"C17";"0.1uF";"C0402C104K4RACTU";"C0402";"SMD Comm X7R, Ceramic, 0.1 uF, 10%, 16 VDC, 40 VDC, 125C, -55C, X7R, SMD, MLCC, Temperature Stable, Class II, 10 % , 5 GOhms, 1.21 mg, 0402, 1mm, 0.5mm, 0.5mm, 0.3mm, 0.3mm, 10000, 78  Weeks, 80";"C0402C104K4RACTU";"https://www.arrow.com/en/products/c0402c104k4ractu/kemet-corporation?region=nac";"SMD Comm X7R, Ceramic, 0.1 uF, 10%, 16 VDC, 40 VDC, 125C, -55C, X7R, SMD, MLCC, Temperature Stable, Class II, 10 % , 5 GOhms, 1.21 mg, 0402, 1mm, 0.5mm, 0.5mm, 0.3mm, 0.3mm, 10000, 78  Weeks, 80";"0.55mm";"KEMET";"C0402C104K4RACTU";"80-C0402C104K4R";"https://www.mouser.co.uk/ProductDetail/KEMET/C0402C104K4RACTU?qs=DBJr%252BvBUjU54jK7d4uAeew%3D%3D";"";"";
"C18";"1000pF";"C4520X7R3D102K130KA";"C4520_COMMERCIAL";"MULTILAYER CERAMIC CHIP CAPACITORS, 4520, Commercial grade, general (Up to 75V)";"C4520X7R3D102K130KA";"https://www.arrow.com/en/products/c4520x7r3d102k130ka/tdk";"MULTILAYER CERAMIC CHIP CAPACITORS, 4520, Commercial grade, general (Up to 75V)";"1mm";"TDK";"C4520X7R3D102K130KA";"810-C4520X7R3D102K";"https://www.mouser.co.uk/ProductDetail/TDK/C4520X7R3D102K130KA?qs=NRhsANhppD%2FmDDEB06mgKg%3D%3D";"";"";
"C19";"22pF";"CBR04C220J5GAC";"CBR04C";"CBR-SMD RF C0G, Ceramic, 22 pF, 5%, 50 VDC, 125 VDC, 125C, -55C, C0G, SMD, Fixed, RF, Ultra High Q, Low ESR, Class I, 0.12 % , 10 GOhms, 840, 1.4 mg, 0402, 1mm, 0.5mm, 0.5mm, 0.25mm, 10000, 78  Weeks, 120";"CBR04C220J5GAC";"https://www.arrow.com/en/products/cbr04c220j5gac/kemet-corporation?region=nac";"CBR-SMD RF C0G, Ceramic, 22 pF, 5%, 50 VDC, 125 VDC, 125C, -55C, C0G, SMD, Fixed, RF, Ultra High Q, Low ESR, Class I, 0.12 % , 10 GOhms, 840, 1.4 mg, 0402, 1mm, 0.5mm, 0.5mm, 0.25mm, 10000, 78  Weeks, 120";"mm";"KEMET";"CBR04C220J5GAC";"80-CBR04C220J5G";"https://www.mouser.co.uk/ProductDetail/KEMET/CBR04C220J5GAC?qs=BjUX18ghZXi0endstTtQyQ%3D%3D";"";"";
"C20";"22pF";"CBR04C220J5GAC";"CBR04C";"CBR-SMD RF C0G, Ceramic, 22 pF, 5%, 50 VDC, 125 VDC, 125C, -55C, C0G, SMD, Fixed, RF, Ultra High Q, Low ESR, Class I, 0.12 % , 10 GOhms, 840, 1.4 mg, 0402, 1mm, 0.5mm, 0.5mm, 0.25mm, 10000, 78  Weeks, 120";"CBR04C220J5GAC";"https://www.arrow.com/en/products/cbr04c220j5gac/kemet-corporation?region=nac";"CBR-SMD RF C0G, Ceramic, 22 pF, 5%, 50 VDC, 125 VDC, 125C, -55C, C0G, SMD, Fixed, RF, Ultra High Q, Low ESR, Class I, 0.12 % , 10 GOhms, 840, 1.4 mg, 0402, 1mm, 0.5mm, 0.5mm, 0.25mm, 10000, 78  Weeks, 120";"mm";"KEMET";"CBR04C220J5GAC";"80-CBR04C220J5G";"https://www.mouser.co.uk/ProductDetail/KEMET/CBR04C220J5GAC?qs=BjUX18ghZXi0endstTtQyQ%3D%3D";"";"";
"C28";"0.1uF";"C0805C104K5RAC7411";"CAPC2012X88N";"Cap Ceramic 0.1uF 50V X7R 10% Pad SMD 0805 125C T/R";"C0805C104K5RAC7411";"https://www.arrow.com/en/products/c0805c104k5rac7411/kemet-corporation";"Cap Ceramic 0.1uF 50V X7R 10% Pad SMD 0805 125C T/R";"0.88mm";"KEMET";"C0805C104K5RAC7411";"80-C0805C104K5RACLR";"https://www.mouser.co.uk/ProductDetail/KEMET/C0805C104K5RAC7411?qs=jbRM9o5BbzPcVXF0wW9AYg%3D%3D";"";"";
"D1";"BAS16";"BAS16";"SOT95P240X110-3N";"Small signal diode,BAS16 0.25A 85V Infineon BAS16, SMT Switching Diode, 85V 250mA, 4ns, 3-Pin SOT-23";"";"";"Small signal diode,BAS16 0.25A 85V Infineon BAS16, SMT Switching Diode, 85V 250mA, 4ns, 3-Pin SOT-23";"1.1mm";"Infineon";"BAS16";"";"";"";"";
"DS14";"HDSM-283L";"HDSM-283L";"HDSM283L";"LED Displays & Accessories Org 605nm 8.5mcd CC SD 7 Segment";"";"";"LED Displays & Accessories Org 605nm 8.5mcd CC SD 7 Segment";"3.15mm";"Avago Technologies";"HDSM-283L";"630-HDSM-283L";"https://www.mouser.co.uk/ProductDetail/Broadcom-Avago/HDSM-283L?qs=NCV3C3qdz%2FC%2FCUC6%2FdWPrA%3D%3D";"";"";
"DS15";"HDSM-283L";"HDSM-283L";"HDSM283L";"LED Displays & Accessories Org 605nm 8.5mcd CC SD 7 Segment";"";"";"LED Displays & Accessories Org 605nm 8.5mcd CC SD 7 Segment";"3.15mm";"Avago Technologies";"HDSM-283L";"630-HDSM-283L";"https://www.mouser.co.uk/ProductDetail/Broadcom-Avago/HDSM-283L?qs=NCV3C3qdz%2FC%2FCUC6%2FdWPrA%3D%3D";"";"";
"DS16";"HDSM-283L";"HDSM-283L";"HDSM283L";"LED Displays & Accessories Org 605nm 8.5mcd CC SD 7 Segment";"";"";"LED Displays & Accessories Org 605nm 8.5mcd CC SD 7 Segment";"3.15mm";"Avago Technologies";"HDSM-283L";"630-HDSM-283L";"https://www.mouser.co.uk/ProductDetail/Broadcom-Avago/HDSM-283L?qs=NCV3C3qdz%2FC%2FCUC6%2FdWPrA%3D%3D";"";"";
"DS17";"HDSM-283L";"HDSM-283L";"HDSM283L";"LED Displays & Accessories Org 605nm 8.5mcd CC SD 7 Segment";"";"";"LED Displays & Accessories Org 605nm 8.5mcd CC SD 7 Segment";"3.15mm";"Avago Technologies";"HDSM-283L";"630-HDSM-283L";"https://www.mouser.co.uk/ProductDetail/Broadcom-Avago/HDSM-283L?qs=NCV3C3qdz%2FC%2FCUC6%2FdWPrA%3D%3D";"";"";
"F1";"0.5A Slow Blow";"RST_500_AMMO";"RST500AMMO";"Fuse Micro Slow Blow Acting 0.5A 250V Radial 8.35 X 4 X 8.2mm Ammo CCC/PSE/SEMKO/VDE/cULus";"RST 500 AMMO";"https://www.arrow.com/en/products/rst500-ammo/bel-group";"Fuse Micro Slow Blow Acting 0.5A 250V Radial 8.35 X 4 X 8.2mm Ammo CCC/PSE/SEMKO/VDE/cULus";"7.9mm";"Stewart Connector";"RST 500 AMMO";"530-RST500AMMO";"https://www.mouser.co.uk/ProductDetail/Bel-Fuse/RST-500-AMMO?qs=MvPYbBWWJyujgJzBtIxlxw%3D%3D";"";"";
"IC2";"74HC14D";"74HC14D";"SOIC127P600X175-14N";"Inverter Schmitt Trigger 6-Element CMOS 14-Pin SOIC T/R";"74HC14D";"https://www.arrow.com/en/products/74hc14d/toshiba?region=nac";"Inverter Schmitt Trigger 6-Element CMOS 14-Pin SOIC T/R";"1.75mm";"Toshiba";"74HC14D";"757-74HC14D";"https://www.mouser.co.uk/ProductDetail/Toshiba/74HC14D?qs=y6ZabgHbY%252BwfUBrwO9UV%252Bg%3D%3D";"";"";
"IC6";"SN74AC11IPWREP";"SN74AC11IPWREP";"SOP65P640X120-14N";"Enhanced Product Triple 3-Input Positive-And Gates";"SN74AC11IPWREP";"https://www.arrow.com/en/products/sn74ac11ipwrep/texas-instruments";"Enhanced Product Triple 3-Input Positive-And Gates";"1.2mm";"Texas Instruments";"SN74AC11IPWREP";"595-SN74AC11IPWREP";"https://www.mouser.co.uk/ProductDetail/Texas-Instruments/SN74AC11IPWREP?qs=fSCvMSq5ISVmV1J44UEGNg%3D%3D";"";"";
"IC7";"SN74HCS238QDRQ1";"SN74HCS238QDRQ1";"SOIC127P600X175-16N";"Encoders, Decoders, Multiplexers & Demultiplexers Automotive 3-to-8 line decoder demultiplexer inverting and non-inverting 16-SOIC -40 to 125";"";"";"Encoders, Decoders, Multiplexers & Demultiplexers Automotive 3-to-8 line decoder demultiplexer inverting and non-inverting 16-SOIC -40 to 125";"1.75mm";"Texas Instruments";"SN74HCS238QDRQ1";"595-SN74HCS238QDRQ1";"https://www.mouser.co.uk/ProductDetail/Texas-Instruments/SN74HCS238QDRQ1?qs=81r%252BiQLm7BTbbeD%2FUSf%252BqA%3D%3D";"";"";
"IC9";"KSZ8851SNLI-TR";"KSZ8851SNLI-TR";"QFN50P500X500X100-33N";"Microchip KSZ8851SNLI-TR, Ethernet Controller, 100Mbps MDI/MDIX, MII, SPI, 1.8 V, 2.5 V, 3.3 V, 32-Pin MLF";"KSZ8851SNLI-TR";"https://www.arrow.com/en/products/ksz8851snli-tr/microchip-technology";"Microchip KSZ8851SNLI-TR, Ethernet Controller, 100Mbps MDI/MDIX, MII, SPI, 1.8 V, 2.5 V, 3.3 V, 32-Pin MLF";"1mm";"Microchip";"KSZ8851SNLI-TR";"998-KSZ8851SNLITR";"https://www.mouser.co.uk/ProductDetail/Microchip-Technology-Atmel/KSZ8851SNLI-TR?qs=U6T8BxXiZAVOThG4jr6SOQ%3D%3D";"";"";
"IC16";"ATSAM4S2AB-ANR";"ATSAM4S2AB-ANR";"QFP50P900X900X160-48N";"ARM Microcontrollers - MCU 48LQFP,GREEN,EXT TEMP(105C),MRL B,128K FLASH,64K SRAM";"ATSAM4S2AB-ANR";"https://www.arrow.com/en/products/atsam4s2ab-anr/microchip-technology";"ARM Microcontrollers - MCU 48LQFP,GREEN,EXT TEMP(105C),MRL B,128K FLASH,64K SRAM";"1.6mm";"Microchip";"ATSAM4S2AB-ANR";"556-ATSAM4S2AB-ANR";"https://www.mouser.co.uk/ProductDetail/Microchip-Technology-Atmel/ATSAM4S2AB-ANR?qs=YCa%2FAAYMW03qmCNY%252BxWbcQ%3D%3D";"";"";
"IC17";"MAX31855JASA+";"MAX31855JASA+";"SOIC127P600X175-8N";"Sensor Interface Thermocouple To Digital Converter";"";"";"Sensor Interface Thermocouple To Digital Converter";"1.75mm";"Maxim Integrated";"MAX31855JASA+";"700-MAX31855JASA+";"https://www.mouser.co.uk/ProductDetail/Maxim-Integrated/MAX31855JASA%2b?qs=4Rc5iGDDRGgfomCSqMwnEw%3D%3D";"";"";
"IC18";"74HC14D";"74HC14D";"SOIC127P600X175-14N";"Inverter Schmitt Trigger 6-Element CMOS 14-Pin SOIC T/R";"74HC14D";"https://www.arrow.com/en/products/74hc14d/toshiba?region=nac";"Inverter Schmitt Trigger 6-Element CMOS 14-Pin SOIC T/R";"1.75mm";"Toshiba";"74HC14D";"757-74HC14D";"https://www.mouser.co.uk/ProductDetail/Toshiba/74HC14D?qs=y6ZabgHbY%252BwfUBrwO9UV%252Bg%3D%3D";"";"";
"IC19";"SN74AC11IPWREP";"SN74AC11IPWREP";"SOP65P640X120-14N";"Enhanced Product Triple 3-Input Positive-And Gates";"SN74AC11IPWREP";"https://www.arrow.com/en/products/sn74ac11ipwrep/texas-instruments";"Enhanced Product Triple 3-Input Positive-And Gates";"1.2mm";"Texas Instruments";"SN74AC11IPWREP";"595-SN74AC11IPWREP";"https://www.mouser.co.uk/ProductDetail/Texas-Instruments/SN74AC11IPWREP?qs=fSCvMSq5ISVmV1J44UEGNg%3D%3D";"";"";
"IC20";"SN74HCS238QDRQ1";"SN74HCS238QDRQ1";"SOIC127P600X175-16N";"Encoders, Decoders, Multiplexers & Demultiplexers Automotive 3-to-8 line decoder demultiplexer inverting and non-inverting 16-SOIC -40 to 125";"";"";"Encoders, Decoders, Multiplexers & Demultiplexers Automotive 3-to-8 line decoder demultiplexer inverting and non-inverting 16-SOIC -40 to 125";"1.75mm";"Texas Instruments";"SN74HCS238QDRQ1";"595-SN74HCS238QDRQ1";"https://www.mouser.co.uk/ProductDetail/Texas-Instruments/SN74HCS238QDRQ1?qs=81r%252BiQLm7BTbbeD%2FUSf%252BqA%3D%3D";"";"";
"IC21";"SN74HCS238QDRQ1";"SN74HCS238QDRQ1";"SOIC127P600X175-16N";"Encoders, Decoders, Multiplexers & Demultiplexers Automotive 3-to-8 line decoder demultiplexer inverting and non-inverting 16-SOIC -40 to 125";"";"";"Encoders, Decoders, Multiplexers & Demultiplexers Automotive 3-to-8 line decoder demultiplexer inverting and non-inverting 16-SOIC -40 to 125";"1.75mm";"Texas Instruments";"SN74HCS238QDRQ1";"595-SN74HCS238QDRQ1";"https://www.mouser.co.uk/ProductDetail/Texas-Instruments/SN74HCS238QDRQ1?qs=81r%252BiQLm7BTbbeD%2FUSf%252BqA%3D%3D";"";"";
"IC22";"SN74HCS238QDRQ1";"SN74HCS238QDRQ1";"SOIC127P600X175-16N";"Encoders, Decoders, Multiplexers & Demultiplexers Automotive 3-to-8 line decoder demultiplexer inverting and non-inverting 16-SOIC -40 to 125";"";"";"Encoders, Decoders, Multiplexers & Demultiplexers Automotive 3-to-8 line decoder demultiplexer inverting and non-inverting 16-SOIC -40 to 125";"1.75mm";"Texas Instruments";"SN74HCS238QDRQ1";"595-SN74HCS238QDRQ1";"https://www.mouser.co.uk/ProductDetail/Texas-Instruments/SN74HCS238QDRQ1?qs=81r%252BiQLm7BTbbeD%2FUSf%252BqA%3D%3D";"";"";
"IC27";"2SA1362-GR,LF";"2SA1362-GR,LF";"2SA1362GRLF";"PNP Transistor, VCEO=-15V, IC=-0.8A, hFE=200 to 400 in SOT-346   (S-Mini) package";"";"";"PNP Transistor, VCEO=-15V, IC=-0.8A, hFE=200 to 400 in SOT-346   (S-Mini) package";"1.4mm";"Toshiba";"2SA1362-GR,LF";"757-2SA1362-GRLF";"https://www.mouser.co.uk/ProductDetail/Toshiba/2SA1362-GRLF?qs=bZr6mbWTK5kLJ9eOLrMUZg%3D%3D";"";"";
"IC28";"2SA1362-GR,LF";"2SA1362-GR,LF";"2SA1362GRLF";"PNP Transistor, VCEO=-15V, IC=-0.8A, hFE=200 to 400 in SOT-346   (S-Mini) package";"";"";"PNP Transistor, VCEO=-15V, IC=-0.8A, hFE=200 to 400 in SOT-346   (S-Mini) package";"1.4mm";"Toshiba";"2SA1362-GR,LF";"757-2SA1362-GRLF";"https://www.mouser.co.uk/ProductDetail/Toshiba/2SA1362-GRLF?qs=bZr6mbWTK5kLJ9eOLrMUZg%3D%3D";"";"";
"IC29";"2SA1362-GR,LF";"2SA1362-GR,LF";"2SA1362GRLF";"PNP Transistor, VCEO=-15V, IC=-0.8A, hFE=200 to 400 in SOT-346   (S-Mini) package";"";"";"PNP Transistor, VCEO=-15V, IC=-0.8A, hFE=200 to 400 in SOT-346   (S-Mini) package";"1.4mm";"Toshiba";"2SA1362-GR,LF";"757-2SA1362-GRLF";"https://www.mouser.co.uk/ProductDetail/Toshiba/2SA1362-GRLF?qs=bZr6mbWTK5kLJ9eOLrMUZg%3D%3D";"";"";
"IC30";"2SA1362-GR,LF";"2SA1362-GR,LF";"2SA1362GRLF";"PNP Transistor, VCEO=-15V, IC=-0.8A, hFE=200 to 400 in SOT-346   (S-Mini) package";"";"";"PNP Transistor, VCEO=-15V, IC=-0.8A, hFE=200 to 400 in SOT-346   (S-Mini) package";"1.4mm";"Toshiba";"2SA1362-GR,LF";"757-2SA1362-GRLF";"https://www.mouser.co.uk/ProductDetail/Toshiba/2SA1362-GRLF?qs=bZr6mbWTK5kLJ9eOLrMUZg%3D%3D";"";"";
"IC31";"2SA1362-GR,LF";"2SA1362-GR,LF";"2SA1362GRLF";"PNP Transistor, VCEO=-15V, IC=-0.8A, hFE=200 to 400 in SOT-346   (S-Mini) package";"";"";"PNP Transistor, VCEO=-15V, IC=-0.8A, hFE=200 to 400 in SOT-346   (S-Mini) package";"1.4mm";"Toshiba";"2SA1362-GR,LF";"757-2SA1362-GRLF";"https://www.mouser.co.uk/ProductDetail/Toshiba/2SA1362-GRLF?qs=bZr6mbWTK5kLJ9eOLrMUZg%3D%3D";"";"";
"IC32";"2SA1362-GR,LF";"2SA1362-GR,LF";"2SA1362GRLF";"PNP Transistor, VCEO=-15V, IC=-0.8A, hFE=200 to 400 in SOT-346   (S-Mini) package";"";"";"PNP Transistor, VCEO=-15V, IC=-0.8A, hFE=200 to 400 in SOT-346   (S-Mini) package";"1.4mm";"Toshiba";"2SA1362-GR,LF";"757-2SA1362-GRLF";"https://www.mouser.co.uk/ProductDetail/Toshiba/2SA1362-GRLF?qs=bZr6mbWTK5kLJ9eOLrMUZg%3D%3D";"";"";
"IC33";"2SA1362-GR,LF";"2SA1362-GR,LF";"2SA1362GRLF";"PNP Transistor, VCEO=-15V, IC=-0.8A, hFE=200 to 400 in SOT-346   (S-Mini) package";"";"";"PNP Transistor, VCEO=-15V, IC=-0.8A, hFE=200 to 400 in SOT-346   (S-Mini) package";"1.4mm";"Toshiba";"2SA1362-GR,LF";"757-2SA1362-GRLF";"https://www.mouser.co.uk/ProductDetail/Toshiba/2SA1362-GRLF?qs=bZr6mbWTK5kLJ9eOLrMUZg%3D%3D";"";"";
"IC34";"2SA1362-GR,LF";"2SA1362-GR,LF";"2SA1362GRLF";"PNP Transistor, VCEO=-15V, IC=-0.8A, hFE=200 to 400 in SOT-346   (S-Mini) package";"";"";"PNP Transistor, VCEO=-15V, IC=-0.8A, hFE=200 to 400 in SOT-346   (S-Mini) package";"1.4mm";"Toshiba";"2SA1362-GR,LF";"757-2SA1362-GRLF";"https://www.mouser.co.uk/ProductDetail/Toshiba/2SA1362-GRLF?qs=bZr6mbWTK5kLJ9eOLrMUZg%3D%3D";"";"";
"IC35";"2SA1362-GR,LF";"2SA1362-GR,LF";"2SA1362GRLF";"PNP Transistor, VCEO=-15V, IC=-0.8A, hFE=200 to 400 in SOT-346   (S-Mini) package";"";"";"PNP Transistor, VCEO=-15V, IC=-0.8A, hFE=200 to 400 in SOT-346   (S-Mini) package";"1.4mm";"Toshiba";"2SA1362-GR,LF";"757-2SA1362-GRLF";"https://www.mouser.co.uk/ProductDetail/Toshiba/2SA1362-GRLF?qs=bZr6mbWTK5kLJ9eOLrMUZg%3D%3D";"";"";
"IC36";"2SA1362-GR,LF";"2SA1362-GR,LF";"2SA1362GRLF";"PNP Transistor, VCEO=-15V, IC=-0.8A, hFE=200 to 400 in SOT-346   (S-Mini) package";"";"";"PNP Transistor, VCEO=-15V, IC=-0.8A, hFE=200 to 400 in SOT-346   (S-Mini) package";"1.4mm";"Toshiba";"2SA1362-GR,LF";"757-2SA1362-GRLF";"https://www.mouser.co.uk/ProductDetail/Toshiba/2SA1362-GRLF?qs=bZr6mbWTK5kLJ9eOLrMUZg%3D%3D";"";"";
"IC37";"2SA1362-GR,LF";"2SA1362-GR,LF";"2SA1362GRLF";"PNP Transistor, VCEO=-15V, IC=-0.8A, hFE=200 to 400 in SOT-346   (S-Mini) package";"";"";"PNP Transistor, VCEO=-15V, IC=-0.8A, hFE=200 to 400 in SOT-346   (S-Mini) package";"1.4mm";"Toshiba";"2SA1362-GR,LF";"757-2SA1362-GRLF";"https://www.mouser.co.uk/ProductDetail/Toshiba/2SA1362-GRLF?qs=bZr6mbWTK5kLJ9eOLrMUZg%3D%3D";"";"";
"IC38";"2SA1362-GR,LF";"2SA1362-GR,LF";"2SA1362GRLF";"PNP Transistor, VCEO=-15V, IC=-0.8A, hFE=200 to 400 in SOT-346   (S-Mini) package";"";"";"PNP Transistor, VCEO=-15V, IC=-0.8A, hFE=200 to 400 in SOT-346   (S-Mini) package";"1.4mm";"Toshiba";"2SA1362-GR,LF";"757-2SA1362-GRLF";"https://www.mouser.co.uk/ProductDetail/Toshiba/2SA1362-GRLF?qs=bZr6mbWTK5kLJ9eOLrMUZg%3D%3D";"";"";
"IC39";"2SA1362-GR,LF";"2SA1362-GR,LF";"2SA1362GRLF";"PNP Transistor, VCEO=-15V, IC=-0.8A, hFE=200 to 400 in SOT-346   (S-Mini) package";"";"";"PNP Transistor, VCEO=-15V, IC=-0.8A, hFE=200 to 400 in SOT-346   (S-Mini) package";"1.4mm";"Toshiba";"2SA1362-GR,LF";"757-2SA1362-GRLF";"https://www.mouser.co.uk/ProductDetail/Toshiba/2SA1362-GRLF?qs=bZr6mbWTK5kLJ9eOLrMUZg%3D%3D";"";"";
"IC40";"2SA1362-GR,LF";"2SA1362-GR,LF";"2SA1362GRLF";"PNP Transistor, VCEO=-15V, IC=-0.8A, hFE=200 to 400 in SOT-346   (S-Mini) package";"";"";"PNP Transistor, VCEO=-15V, IC=-0.8A, hFE=200 to 400 in SOT-346   (S-Mini) package";"1.4mm";"Toshiba";"2SA1362-GR,LF";"757-2SA1362-GRLF";"https://www.mouser.co.uk/ProductDetail/Toshiba/2SA1362-GRLF?qs=bZr6mbWTK5kLJ9eOLrMUZg%3D%3D";"";"";
"IC41";"2SA1362-GR,LF";"2SA1362-GR,LF";"2SA1362GRLF";"PNP Transistor, VCEO=-15V, IC=-0.8A, hFE=200 to 400 in SOT-346   (S-Mini) package";"";"";"PNP Transistor, VCEO=-15V, IC=-0.8A, hFE=200 to 400 in SOT-346   (S-Mini) package";"1.4mm";"Toshiba";"2SA1362-GR,LF";"757-2SA1362-GRLF";"https://www.mouser.co.uk/ProductDetail/Toshiba/2SA1362-GRLF?qs=bZr6mbWTK5kLJ9eOLrMUZg%3D%3D";"";"";
"IC42";"2SA1362-GR,LF";"2SA1362-GR,LF";"2SA1362GRLF";"PNP Transistor, VCEO=-15V, IC=-0.8A, hFE=200 to 400 in SOT-346   (S-Mini) package";"";"";"PNP Transistor, VCEO=-15V, IC=-0.8A, hFE=200 to 400 in SOT-346   (S-Mini) package";"1.4mm";"Toshiba";"2SA1362-GR,LF";"757-2SA1362-GRLF";"https://www.mouser.co.uk/ProductDetail/Toshiba/2SA1362-GRLF?qs=bZr6mbWTK5kLJ9eOLrMUZg%3D%3D";"";"";
"IC43";"2SA1362-GR,LF";"2SA1362-GR,LF";"2SA1362GRLF";"PNP Transistor, VCEO=-15V, IC=-0.8A, hFE=200 to 400 in SOT-346   (S-Mini) package";"";"";"PNP Transistor, VCEO=-15V, IC=-0.8A, hFE=200 to 400 in SOT-346   (S-Mini) package";"1.4mm";"Toshiba";"2SA1362-GR,LF";"757-2SA1362-GRLF";"https://www.mouser.co.uk/ProductDetail/Toshiba/2SA1362-GRLF?qs=bZr6mbWTK5kLJ9eOLrMUZg%3D%3D";"";"";
"IC44";"2SA1362-GR,LF";"2SA1362-GR,LF";"2SA1362GRLF";"PNP Transistor, VCEO=-15V, IC=-0.8A, hFE=200 to 400 in SOT-346   (S-Mini) package";"";"";"PNP Transistor, VCEO=-15V, IC=-0.8A, hFE=200 to 400 in SOT-346   (S-Mini) package";"1.4mm";"Toshiba";"2SA1362-GR,LF";"757-2SA1362-GRLF";"https://www.mouser.co.uk/ProductDetail/Toshiba/2SA1362-GRLF?qs=bZr6mbWTK5kLJ9eOLrMUZg%3D%3D";"";"";
"IC45";"2SA1362-GR,LF";"2SA1362-GR,LF";"2SA1362GRLF";"PNP Transistor, VCEO=-15V, IC=-0.8A, hFE=200 to 400 in SOT-346   (S-Mini) package";"";"";"PNP Transistor, VCEO=-15V, IC=-0.8A, hFE=200 to 400 in SOT-346   (S-Mini) package";"1.4mm";"Toshiba";"2SA1362-GR,LF";"757-2SA1362-GRLF";"https://www.mouser.co.uk/ProductDetail/Toshiba/2SA1362-GRLF?qs=bZr6mbWTK5kLJ9eOLrMUZg%3D%3D";"";"";
"IC46";"2SA1362-GR,LF";"2SA1362-GR,LF";"2SA1362GRLF";"PNP Transistor, VCEO=-15V, IC=-0.8A, hFE=200 to 400 in SOT-346   (S-Mini) package";"";"";"PNP Transistor, VCEO=-15V, IC=-0.8A, hFE=200 to 400 in SOT-346   (S-Mini) package";"1.4mm";"Toshiba";"2SA1362-GR,LF";"757-2SA1362-GRLF";"https://www.mouser.co.uk/ProductDetail/Toshiba/2SA1362-GRLF?qs=bZr6mbWTK5kLJ9eOLrMUZg%3D%3D";"";"";
"IC47";"2SA1362-GR,LF";"2SA1362-GR,LF";"2SA1362GRLF";"PNP Transistor, VCEO=-15V, IC=-0.8A, hFE=200 to 400 in SOT-346   (S-Mini) package";"";"";"PNP Transistor, VCEO=-15V, IC=-0.8A, hFE=200 to 400 in SOT-346   (S-Mini) package";"1.4mm";"Toshiba";"2SA1362-GR,LF";"757-2SA1362-GRLF";"https://www.mouser.co.uk/ProductDetail/Toshiba/2SA1362-GRLF?qs=bZr6mbWTK5kLJ9eOLrMUZg%3D%3D";"";"";
"IC48";"2SA1362-GR,LF";"2SA1362-GR,LF";"2SA1362GRLF";"PNP Transistor, VCEO=-15V, IC=-0.8A, hFE=200 to 400 in SOT-346   (S-Mini) package";"";"";"PNP Transistor, VCEO=-15V, IC=-0.8A, hFE=200 to 400 in SOT-346   (S-Mini) package";"1.4mm";"Toshiba";"2SA1362-GR,LF";"757-2SA1362-GRLF";"https://www.mouser.co.uk/ProductDetail/Toshiba/2SA1362-GRLF?qs=bZr6mbWTK5kLJ9eOLrMUZg%3D%3D";"";"";
"IC49";"2SA1362-GR,LF";"2SA1362-GR,LF";"2SA1362GRLF";"PNP Transistor, VCEO=-15V, IC=-0.8A, hFE=200 to 400 in SOT-346   (S-Mini) package";"";"";"PNP Transistor, VCEO=-15V, IC=-0.8A, hFE=200 to 400 in SOT-346   (S-Mini) package";"1.4mm";"Toshiba";"2SA1362-GR,LF";"757-2SA1362-GRLF";"https://www.mouser.co.uk/ProductDetail/Toshiba/2SA1362-GRLF?qs=bZr6mbWTK5kLJ9eOLrMUZg%3D%3D";"";"";
"IC50";"2SA1362-GR,LF";"2SA1362-GR,LF";"2SA1362GRLF";"PNP Transistor, VCEO=-15V, IC=-0.8A, hFE=200 to 400 in SOT-346   (S-Mini) package";"";"";"PNP Transistor, VCEO=-15V, IC=-0.8A, hFE=200 to 400 in SOT-346   (S-Mini) package";"1.4mm";"Toshiba";"2SA1362-GR,LF";"757-2SA1362-GRLF";"https://www.mouser.co.uk/ProductDetail/Toshiba/2SA1362-GRLF?qs=bZr6mbWTK5kLJ9eOLrMUZg%3D%3D";"";"";
"IC51";"2SA1362-GR,LF";"2SA1362-GR,LF";"2SA1362GRLF";"PNP Transistor, VCEO=-15V, IC=-0.8A, hFE=200 to 400 in SOT-346   (S-Mini) package";"";"";"PNP Transistor, VCEO=-15V, IC=-0.8A, hFE=200 to 400 in SOT-346   (S-Mini) package";"1.4mm";"Toshiba";"2SA1362-GR,LF";"757-2SA1362-GRLF";"https://www.mouser.co.uk/ProductDetail/Toshiba/2SA1362-GRLF?qs=bZr6mbWTK5kLJ9eOLrMUZg%3D%3D";"";"";
"IC52";"2SA1362-GR,LF";"2SA1362-GR,LF";"2SA1362GRLF";"PNP Transistor, VCEO=-15V, IC=-0.8A, hFE=200 to 400 in SOT-346   (S-Mini) package";"";"";"PNP Transistor, VCEO=-15V, IC=-0.8A, hFE=200 to 400 in SOT-346   (S-Mini) package";"1.4mm";"Toshiba";"2SA1362-GR,LF";"757-2SA1362-GRLF";"https://www.mouser.co.uk/ProductDetail/Toshiba/2SA1362-GRLF?qs=bZr6mbWTK5kLJ9eOLrMUZg%3D%3D";"";"";
"IC53";"2SA1362-GR,LF";"2SA1362-GR,LF";"2SA1362GRLF";"PNP Transistor, VCEO=-15V, IC=-0.8A, hFE=200 to 400 in SOT-346   (S-Mini) package";"";"";"PNP Transistor, VCEO=-15V, IC=-0.8A, hFE=200 to 400 in SOT-346   (S-Mini) package";"1.4mm";"Toshiba";"2SA1362-GR,LF";"757-2SA1362-GRLF";"https://www.mouser.co.uk/ProductDetail/Toshiba/2SA1362-GRLF?qs=bZr6mbWTK5kLJ9eOLrMUZg%3D%3D";"";"";
"IC54";"2SA1362-GR,LF";"2SA1362-GR,LF";"2SA1362GRLF";"PNP Transistor, VCEO=-15V, IC=-0.8A, hFE=200 to 400 in SOT-346   (S-Mini) package";"";"";"PNP Transistor, VCEO=-15V, IC=-0.8A, hFE=200 to 400 in SOT-346   (S-Mini) package";"1.4mm";"Toshiba";"2SA1362-GR,LF";"757-2SA1362-GRLF";"https://www.mouser.co.uk/ProductDetail/Toshiba/2SA1362-GRLF?qs=bZr6mbWTK5kLJ9eOLrMUZg%3D%3D";"";"";
"J1";"M22-5320405";"M22-5320405";"HUSSP8W50P200_2X4_800X400X500P";"2.00mm (0.079") Pitch DIL Vertical SMT Pin Header, gold, 4+4 contacts";"";"";"2.00mm (0.079") Pitch DIL Vertical SMT Pin Header, gold, 4+4 contacts";"mm";"Harwin";"M22-5320405";"855-M22-5320405";"https://www.mouser.co.uk/ProductDetail/Harwin/M22-5320405?qs=WS5Jv%252B%252Bx1qVxYYIoWES7kw%3D%3D";"";"";
"J4";"J1011F01PNL";"J1011F01PNL";"J1011F01PNL";"Modular Connectors / Ethernet Connectors 1CT:1CT GRN/YEL";"J1011F01PNL";"https://www.arrow.com/en/products/j1011f01pnl/pulse-electronics-corporation?region=nac";"Modular Connectors / Ethernet Connectors 1CT:1CT GRN/YEL";"14.22mm";"Pulse";"J1011F01PNL";"673-J1011F01PNL";"https://www.mouser.co.uk/ProductDetail/Pulse-Electronics/J1011F01PNL?qs=8Pd6UH4uLB8hnov%252Bey5RRg%3D%3D";"";"";
"J6";"PRT-13612";"PRT-13612";"PRT13612";"THERMOCOUPLE CONN - PCC-SMP-K";"PRT-13612";"https://www.arrow.com/en/products/prt-13612/sparkfun-electronics";"THERMOCOUPLE CONN - PCC-SMP-K";"6.3mm";"SparkFun";"PRT-13612";"474-PRT-13612";"https://www.mouser.co.uk/ProductDetail/SparkFun/PRT-13612?qs=WyAARYrbSnbvS1kDzRVYBg%3D%3D";"";"";
"K1";"G6CU-1114P-US-DC3";"G6CU-1114P-US-DC3";"G6CU1114PUSDC3";"Electromechanical Relay SPST-NO 10A 3VDC 45Ohm Through Hole - Bulk";"";"";"Electromechanical Relay SPST-NO 10A 3VDC 45Ohm Through Hole - Bulk";"10mm";"Omron Electronics";"G6CU-1114P-US-DC3";"653-G6CU-1114P-USDC3";"https://www.mouser.co.uk/ProductDetail/Omron-Electronics/G6CU-1114P-US-DC3?qs=wkx8pu8tL7J61R5utGxXEw%3D%3D";"";"";
"PS1";"HLK-PM03";"HLK-PM03";"HLKPM03";"Power Module AC-DC Through Hole RoHS";"";"";"Power Module AC-DC Through Hole RoHS";"15mm";"Hi-Link";"HLK-PM03";"";"";"";"";
"R29";"100";"ERJ-PA3F1000V";"ERJP03_PA3_(0603)";"ERJPA3 Resistors 0.25W 0603 100R 1% Panasonic ERJPA3 Series Thick Film Surface Mount Resistor 0603 Case 100 +/-1% 0.25W +/-100ppm/C";"";"";"ERJPA3 Resistors 0.25W 0603 100R 1% Panasonic ERJPA3 Series Thick Film Surface Mount Resistor 0603 Case 100 +/-1% 0.25W +/-100ppm/C";"0.55mm";"Panasonic";"ERJ-PA3F1000V";"667-ERJ-PA3F1000V";"https://www.mouser.com/Search/Refine.aspx?Keyword=667-ERJ-PA3F1000V";"";"";
"R30";"10K";"CRCW040210K0FKEDC";"RESC1005X35N";"VISHAY - CRCW040210K0FKEDC - RES, THICK FILM, 10K, 0.063W, 0402";"CRCW040210K0FKEDC";"https://www.arrow.com/en/products/crcw040210k0fkedc/vishay?region=nac";"VISHAY - CRCW040210K0FKEDC - RES, THICK FILM, 10K, 0.063W, 0402";"0.35mm";"Vishay";"CRCW040210K0FKEDC";"71-CRCW040210K0FKEDC";"https://www.mouser.co.uk/ProductDetail/Vishay-Dale/CRCW040210K0FKEDC?qs=E3Y5ESvWgWPiNLcGzwCGPg%3D%3D";"";"";
"R31";"10K";"CRCW040210K0FKEDC";"RESC1005X35N";"VISHAY - CRCW040210K0FKEDC - RES, THICK FILM, 10K, 0.063W, 0402";"CRCW040210K0FKEDC";"https://www.arrow.com/en/products/crcw040210k0fkedc/vishay?region=nac";"VISHAY - CRCW040210K0FKEDC - RES, THICK FILM, 10K, 0.063W, 0402";"0.35mm";"Vishay";"CRCW040210K0FKEDC";"71-CRCW040210K0FKEDC";"https://www.mouser.co.uk/ProductDetail/Vishay-Dale/CRCW040210K0FKEDC?qs=E3Y5ESvWgWPiNLcGzwCGPg%3D%3D";"";"";
"R32";"39";"CR0402-FX-39R0GLF";"RESC1005X40N";"Thick Film Resistors - SMD 39 OHM 1%";"";"";"Thick Film Resistors - SMD 39 OHM 1%";"0.4mm";"Bourns";"CR0402-FX-39R0GLF";"652-CR0402FX-39R0GLF";"https://www.mouser.com/Search/Refine.aspx?Keyword=652-CR0402FX-39R0GLF";"";"";
"R33";"39";"CR0402-FX-39R0GLF";"RESC1005X40N";"Thick Film Resistors - SMD 39 OHM 1%";"";"";"Thick Film Resistors - SMD 39 OHM 1%";"0.4mm";"Bourns";"CR0402-FX-39R0GLF";"652-CR0402FX-39R0GLF";"https://www.mouser.com/Search/Refine.aspx?Keyword=652-CR0402FX-39R0GLF";"";"";
"R34";"10K";"CRCW040210K0FKEDC";"RESC1005X35N";"VISHAY - CRCW040210K0FKEDC - RES, THICK FILM, 10K, 0.063W, 0402";"CRCW040210K0FKEDC";"https://www.arrow.com/en/products/crcw040210k0fkedc/vishay?region=nac";"VISHAY - CRCW040210K0FKEDC - RES, THICK FILM, 10K, 0.063W, 0402";"0.35mm";"Vishay";"CRCW040210K0FKEDC";"71-CRCW040210K0FKEDC";"https://www.mouser.co.uk/ProductDetail/Vishay-Dale/CRCW040210K0FKEDC?qs=E3Y5ESvWgWPiNLcGzwCGPg%3D%3D";"";"";
"R35";"39";"CR0402-FX-39R0GLF";"RESC1005X40N";"Thick Film Resistors - SMD 39 OHM 1%";"";"";"Thick Film Resistors - SMD 39 OHM 1%";"0.4mm";"Bourns";"CR0402-FX-39R0GLF";"652-CR0402FX-39R0GLF";"https://www.mouser.com/Search/Refine.aspx?Keyword=652-CR0402FX-39R0GLF";"";"";
"R51";"49.9";"ERJ-U02F49R9X";"ERJS02_U02_(0402)";"Anti-Sulfurated Thick Film Chip Resistor, 0402, 0.1W";"";"";"Anti-Sulfurated Thick Film Chip Resistor, 0402, 0.1W";"0.4mm";"Panasonic";"ERJ-U02F49R9X";"";"";"";"";
"R52";"49.9";"ERJ-U02F49R9X";"ERJS02_U02_(0402)";"Anti-Sulfurated Thick Film Chip Resistor, 0402, 0.1W";"";"";"Anti-Sulfurated Thick Film Chip Resistor, 0402, 0.1W";"0.4mm";"Panasonic";"ERJ-U02F49R9X";"";"";"";"";
"R53";"49.9";"ERJ-U02F49R9X";"ERJS02_U02_(0402)";"Anti-Sulfurated Thick Film Chip Resistor, 0402, 0.1W";"";"";"Anti-Sulfurated Thick Film Chip Resistor, 0402, 0.1W";"0.4mm";"Panasonic";"ERJ-U02F49R9X";"";"";"";"";
"R54";"49.9";"ERJ-U02F49R9X";"ERJS02_U02_(0402)";"Anti-Sulfurated Thick Film Chip Resistor, 0402, 0.1W";"";"";"Anti-Sulfurated Thick Film Chip Resistor, 0402, 0.1W";"0.4mm";"Panasonic";"ERJ-U02F49R9X";"";"";"";"";
"R55";"220";"CR0402-JW-221GLF";"RESC1005X40N";"Thick Film Resistors - SMD 220 OHM 5%";"CR0402-JW-221GLF";"https://www.arrow.com/en/products/cr0402-jw-221glf/bourns";"Thick Film Resistors - SMD 220 OHM 5%";"0.4mm";"Bourns";"CR0402-JW-221GLF";"652-CR0402JW-221GLF";"https://www.mouser.com/Search/Refine.aspx?Keyword=652-CR0402JW-221GLF";"";"";
"R56";"220";"CR0402-JW-221GLF";"RESC1005X40N";"Thick Film Resistors - SMD 220 OHM 5%";"CR0402-JW-221GLF";"https://www.arrow.com/en/products/cr0402-jw-221glf/bourns";"Thick Film Resistors - SMD 220 OHM 5%";"0.4mm";"Bourns";"CR0402-JW-221GLF";"652-CR0402JW-221GLF";"https://www.mouser.com/Search/Refine.aspx?Keyword=652-CR0402JW-221GLF";"";"";
"R57";"1M";"CHV0805-FX-1004EST";"RESC2012X60N";"ResHV ST 0805 1M 1% 0.125W TCR100";"";"";"ResHV ST 0805 1M 1% 0.125W TCR100";"0.6mm";"Bourns";"CHV0805-FX-1004EST";"652-CHV0805FX1004EST";"https://www.mouser.co.uk/ProductDetail/Bourns/CHV0805-FX-1004EST?qs=QNEnbhJQKvb69hgGpv9kmQ%3D%3D";"";"";
"R58";"3.01K";"RC0402FR-073K01L";"RESC1005X40N";"Thick Film Resistors - SMD 3.01K OHM 1%";"RC0402FR-073K01L";"https://www.arrow.com/en/products/rc0402fr-073k01l/yageo";"Thick Film Resistors - SMD 3.01K OHM 1%";"0.4mm";"KEMET";"RC0402FR-073K01L";"603-RC0402FR-073K01L";"https://www.mouser.com/Search/Refine.aspx?Keyword=603-RC0402FR-073K01L";"";"";
"R59";"10K";"RC0402FR-0710KP";"RESC1005X40N";"YAGEO - RC0402FR-0710KP - SMD Chip Resistor, 10 kohm, +/- 1%, 62.5 mW, 0402 [1005 Metric], Thick Film, General Purpose";"RC0402FR-0710KP";"https://www.arrow.com/en/products/rc0402fr-0710kp/yageo?region=nac";"YAGEO - RC0402FR-0710KP - SMD Chip Resistor, 10 kohm, +/- 1%, 62.5 mW, 0402 [1005 Metric], Thick Film, General Purpose";"0.4mm";"KEMET";"RC0402FR-0710KP";"603-RC0402FR-0710KP";"https://www.mouser.co.uk/ProductDetail/YAGEO/RC0402FR-0710KP?qs=oypCK0zG325Ov8hhvMZZMg%3D%3D";"";"";
"R60";"4.7K";"CR0402-FX-4701GLF";"RESC1005X40N";"Thick Film Resistors - SMD 4.7K OHM 1%";"";"";"Thick Film Resistors - SMD 4.7K OHM 1%";"0.4mm";"Bourns";"CR0402-FX-4701GLF";"652-CR0402FX-4701GLF";"https://www.mouser.co.uk/ProductDetail/Bourns/CR0402-FX-4701GLF?qs=ePR1ZvdkOKK%252Bab9lx6TEtw%3D%3D";"";"";
"R61";"4.7K";"CR0402-FX-4701GLF";"RESC1005X40N";"Thick Film Resistors - SMD 4.7K OHM 1%";"";"";"Thick Film Resistors - SMD 4.7K OHM 1%";"0.4mm";"Bourns";"CR0402-FX-4701GLF";"652-CR0402FX-4701GLF";"https://www.mouser.co.uk/ProductDetail/Bourns/CR0402-FX-4701GLF?qs=ePR1ZvdkOKK%252Bab9lx6TEtw%3D%3D";"";"";
"R114";"10K";"CRCW040210K0FKEDC";"RESC1005X35N";"VISHAY - CRCW040210K0FKEDC - RES, THICK FILM, 10K, 0.063W, 0402";"CRCW040210K0FKEDC";"https://www.arrow.com/en/products/crcw040210k0fkedc/vishay?region=nac";"VISHAY - CRCW040210K0FKEDC - RES, THICK FILM, 10K, 0.063W, 0402";"0.35mm";"Vishay";"CRCW040210K0FKEDC";"71-CRCW040210K0FKEDC";"https://www.mouser.co.uk/ProductDetail/Vishay-Dale/CRCW040210K0FKEDC?qs=E3Y5ESvWgWPiNLcGzwCGPg%3D%3D";"";"";
"R115";"2K2";"CR0402-FX-2201GLF";"RESC1005X37N";"BOURNS - CR0402-FX-2201GLF - RES, 2K2, 1%, 0402, THICK FILM";"CR0402-FX-2201GLF";"https://www.arrow.com/en/products/cr0402-fx-2201glf/bourns?region=nac";"BOURNS - CR0402-FX-2201GLF - RES, 2K2, 1%, 0402, THICK FILM";"0.37mm";"Bourns";"CR0402-FX-2201GLF";"652-CR0402FX-2201GLF";"https://www.mouser.co.uk/ProductDetail/Bourns/CR0402-FX-2201GLF?qs=JflQ4L8so%2FvNNp%252Bb%2FjYwIg%3D%3D";"";"";
"R116";"220";"CR0402-JW-221GLF";"RESC1005X40N";"Thick Film Resistors - SMD 220 OHM 5%";"CR0402-JW-221GLF";"https://www.arrow.com/en/products/cr0402-jw-221glf/bourns";"Thick Film Resistors - SMD 220 OHM 5%";"0.4mm";"Bourns";"CR0402-JW-221GLF";"652-CR0402JW-221GLF";"https://www.mouser.com/Search/Refine.aspx?Keyword=652-CR0402JW-221GLF";"";"";
"R117";"10K";"CRCW040210K0FKEDC";"RESC1005X35N";"VISHAY - CRCW040210K0FKEDC - RES, THICK FILM, 10K, 0.063W, 0402";"CRCW040210K0FKEDC";"https://www.arrow.com/en/products/crcw040210k0fkedc/vishay?region=nac";"VISHAY - CRCW040210K0FKEDC - RES, THICK FILM, 10K, 0.063W, 0402";"0.35mm";"Vishay";"CRCW040210K0FKEDC";"71-CRCW040210K0FKEDC";"https://www.mouser.co.uk/ProductDetail/Vishay-Dale/CRCW040210K0FKEDC?qs=E3Y5ESvWgWPiNLcGzwCGPg%3D%3D";"";"";
"R118";"2K2";"CR0402-FX-2201GLF";"RESC1005X37N";"BOURNS - CR0402-FX-2201GLF - RES, 2K2, 1%, 0402, THICK FILM";"CR0402-FX-2201GLF";"https://www.arrow.com/en/products/cr0402-fx-2201glf/bourns?region=nac";"BOURNS - CR0402-FX-2201GLF - RES, 2K2, 1%, 0402, THICK FILM";"0.37mm";"Bourns";"CR0402-FX-2201GLF";"652-CR0402FX-2201GLF";"https://www.mouser.co.uk/ProductDetail/Bourns/CR0402-FX-2201GLF?qs=JflQ4L8so%2FvNNp%252Bb%2FjYwIg%3D%3D";"";"";
"R119";"220";"CR0402-JW-221GLF";"RESC1005X40N";"Thick Film Resistors - SMD 220 OHM 5%";"CR0402-JW-221GLF";"https://www.arrow.com/en/products/cr0402-jw-221glf/bourns";"Thick Film Resistors - SMD 220 OHM 5%";"0.4mm";"Bourns";"CR0402-JW-221GLF";"652-CR0402JW-221GLF";"https://www.mouser.com/Search/Refine.aspx?Keyword=652-CR0402JW-221GLF";"";"";
"R120";"10K";"CRCW040210K0FKEDC";"RESC1005X35N";"VISHAY - CRCW040210K0FKEDC - RES, THICK FILM, 10K, 0.063W, 0402";"CRCW040210K0FKEDC";"https://www.arrow.com/en/products/crcw040210k0fkedc/vishay?region=nac";"VISHAY - CRCW040210K0FKEDC - RES, THICK FILM, 10K, 0.063W, 0402";"0.35mm";"Vishay";"CRCW040210K0FKEDC";"71-CRCW040210K0FKEDC";"https://www.mouser.co.uk/ProductDetail/Vishay-Dale/CRCW040210K0FKEDC?qs=E3Y5ESvWgWPiNLcGzwCGPg%3D%3D";"";"";
"R121";"2K2";"CR0402-FX-2201GLF";"RESC1005X37N";"BOURNS - CR0402-FX-2201GLF - RES, 2K2, 1%, 0402, THICK FILM";"CR0402-FX-2201GLF";"https://www.arrow.com/en/products/cr0402-fx-2201glf/bourns?region=nac";"BOURNS - CR0402-FX-2201GLF - RES, 2K2, 1%, 0402, THICK FILM";"0.37mm";"Bourns";"CR0402-FX-2201GLF";"652-CR0402FX-2201GLF";"https://www.mouser.co.uk/ProductDetail/Bourns/CR0402-FX-2201GLF?qs=JflQ4L8so%2FvNNp%252Bb%2FjYwIg%3D%3D";"";"";
"R122";"220";"CR0402-JW-221GLF";"RESC1005X40N";"Thick Film Resistors - SMD 220 OHM 5%";"CR0402-JW-221GLF";"https://www.arrow.com/en/products/cr0402-jw-221glf/bourns";"Thick Film Resistors - SMD 220 OHM 5%";"0.4mm";"Bourns";"CR0402-JW-221GLF";"652-CR0402JW-221GLF";"https://www.mouser.com/Search/Refine.aspx?Keyword=652-CR0402JW-221GLF";"";"";
"R123";"10K";"CRCW040210K0FKEDC";"RESC1005X35N";"VISHAY - CRCW040210K0FKEDC - RES, THICK FILM, 10K, 0.063W, 0402";"CRCW040210K0FKEDC";"https://www.arrow.com/en/products/crcw040210k0fkedc/vishay?region=nac";"VISHAY - CRCW040210K0FKEDC - RES, THICK FILM, 10K, 0.063W, 0402";"0.35mm";"Vishay";"CRCW040210K0FKEDC";"71-CRCW040210K0FKEDC";"https://www.mouser.co.uk/ProductDetail/Vishay-Dale/CRCW040210K0FKEDC?qs=E3Y5ESvWgWPiNLcGzwCGPg%3D%3D";"";"";
"R124";"2K2";"CR0402-FX-2201GLF";"RESC1005X37N";"BOURNS - CR0402-FX-2201GLF - RES, 2K2, 1%, 0402, THICK FILM";"CR0402-FX-2201GLF";"https://www.arrow.com/en/products/cr0402-fx-2201glf/bourns?region=nac";"BOURNS - CR0402-FX-2201GLF - RES, 2K2, 1%, 0402, THICK FILM";"0.37mm";"Bourns";"CR0402-FX-2201GLF";"652-CR0402FX-2201GLF";"https://www.mouser.co.uk/ProductDetail/Bourns/CR0402-FX-2201GLF?qs=JflQ4L8so%2FvNNp%252Bb%2FjYwIg%3D%3D";"";"";
"R125";"220";"CR0402-JW-221GLF";"RESC1005X40N";"Thick Film Resistors - SMD 220 OHM 5%";"CR0402-JW-221GLF";"https://www.arrow.com/en/products/cr0402-jw-221glf/bourns";"Thick Film Resistors - SMD 220 OHM 5%";"0.4mm";"Bourns";"CR0402-JW-221GLF";"652-CR0402JW-221GLF";"https://www.mouser.com/Search/Refine.aspx?Keyword=652-CR0402JW-221GLF";"";"";
"R126";"10K";"CRCW040210K0FKEDC";"RESC1005X35N";"VISHAY - CRCW040210K0FKEDC - RES, THICK FILM, 10K, 0.063W, 0402";"CRCW040210K0FKEDC";"https://www.arrow.com/en/products/crcw040210k0fkedc/vishay?region=nac";"VISHAY - CRCW040210K0FKEDC - RES, THICK FILM, 10K, 0.063W, 0402";"0.35mm";"Vishay";"CRCW040210K0FKEDC";"71-CRCW040210K0FKEDC";"https://www.mouser.co.uk/ProductDetail/Vishay-Dale/CRCW040210K0FKEDC?qs=E3Y5ESvWgWPiNLcGzwCGPg%3D%3D";"";"";
"R127";"2K2";"CR0402-FX-2201GLF";"RESC1005X37N";"BOURNS - CR0402-FX-2201GLF - RES, 2K2, 1%, 0402, THICK FILM";"CR0402-FX-2201GLF";"https://www.arrow.com/en/products/cr0402-fx-2201glf/bourns?region=nac";"BOURNS - CR0402-FX-2201GLF - RES, 2K2, 1%, 0402, THICK FILM";"0.37mm";"Bourns";"CR0402-FX-2201GLF";"652-CR0402FX-2201GLF";"https://www.mouser.co.uk/ProductDetail/Bourns/CR0402-FX-2201GLF?qs=JflQ4L8so%2FvNNp%252Bb%2FjYwIg%3D%3D";"";"";
"R128";"220";"CR0402-JW-221GLF";"RESC1005X40N";"Thick Film Resistors - SMD 220 OHM 5%";"CR0402-JW-221GLF";"https://www.arrow.com/en/products/cr0402-jw-221glf/bourns";"Thick Film Resistors - SMD 220 OHM 5%";"0.4mm";"Bourns";"CR0402-JW-221GLF";"652-CR0402JW-221GLF";"https://www.mouser.com/Search/Refine.aspx?Keyword=652-CR0402JW-221GLF";"";"";
"R129";"10K";"CRCW040210K0FKEDC";"RESC1005X35N";"VISHAY - CRCW040210K0FKEDC - RES, THICK FILM, 10K, 0.063W, 0402";"CRCW040210K0FKEDC";"https://www.arrow.com/en/products/crcw040210k0fkedc/vishay?region=nac";"VISHAY - CRCW040210K0FKEDC - RES, THICK FILM, 10K, 0.063W, 0402";"0.35mm";"Vishay";"CRCW040210K0FKEDC";"71-CRCW040210K0FKEDC";"https://www.mouser.co.uk/ProductDetail/Vishay-Dale/CRCW040210K0FKEDC?qs=E3Y5ESvWgWPiNLcGzwCGPg%3D%3D";"";"";
"R130";"2K2";"CR0402-FX-2201GLF";"RESC1005X37N";"BOURNS - CR0402-FX-2201GLF - RES, 2K2, 1%, 0402, THICK FILM";"CR0402-FX-2201GLF";"https://www.arrow.com/en/products/cr0402-fx-2201glf/bourns?region=nac";"BOURNS - CR0402-FX-2201GLF - RES, 2K2, 1%, 0402, THICK FILM";"0.37mm";"Bourns";"CR0402-FX-2201GLF";"652-CR0402FX-2201GLF";"https://www.mouser.co.uk/ProductDetail/Bourns/CR0402-FX-2201GLF?qs=JflQ4L8so%2FvNNp%252Bb%2FjYwIg%3D%3D";"";"";
"R131";"220";"CR0402-JW-221GLF";"RESC1005X40N";"Thick Film Resistors - SMD 220 OHM 5%";"CR0402-JW-221GLF";"https://www.arrow.com/en/products/cr0402-jw-221glf/bourns";"Thick Film Resistors - SMD 220 OHM 5%";"0.4mm";"Bourns";"CR0402-JW-221GLF";"652-CR0402JW-221GLF";"https://www.mouser.com/Search/Refine.aspx?Keyword=652-CR0402JW-221GLF";"";"";
"R132";"10K";"CRCW040210K0FKEDC";"RESC1005X35N";"VISHAY - CRCW040210K0FKEDC - RES, THICK FILM, 10K, 0.063W, 0402";"CRCW040210K0FKEDC";"https://www.arrow.com/en/products/crcw040210k0fkedc/vishay?region=nac";"VISHAY - CRCW040210K0FKEDC - RES, THICK FILM, 10K, 0.063W, 0402";"0.35mm";"Vishay";"CRCW040210K0FKEDC";"71-CRCW040210K0FKEDC";"https://www.mouser.co.uk/ProductDetail/Vishay-Dale/CRCW040210K0FKEDC?qs=E3Y5ESvWgWPiNLcGzwCGPg%3D%3D";"";"";
"R133";"2K2";"CR0402-FX-2201GLF";"RESC1005X37N";"BOURNS - CR0402-FX-2201GLF - RES, 2K2, 1%, 0402, THICK FILM";"CR0402-FX-2201GLF";"https://www.arrow.com/en/products/cr0402-fx-2201glf/bourns?region=nac";"BOURNS - CR0402-FX-2201GLF - RES, 2K2, 1%, 0402, THICK FILM";"0.37mm";"Bourns";"CR0402-FX-2201GLF";"652-CR0402FX-2201GLF";"https://www.mouser.co.uk/ProductDetail/Bourns/CR0402-FX-2201GLF?qs=JflQ4L8so%2FvNNp%252Bb%2FjYwIg%3D%3D";"";"";
"R134";"220";"CR0402-JW-221GLF";"RESC1005X40N";"Thick Film Resistors - SMD 220 OHM 5%";"CR0402-JW-221GLF";"https://www.arrow.com/en/products/cr0402-jw-221glf/bourns";"Thick Film Resistors - SMD 220 OHM 5%";"0.4mm";"Bourns";"CR0402-JW-221GLF";"652-CR0402JW-221GLF";"https://www.mouser.com/Search/Refine.aspx?Keyword=652-CR0402JW-221GLF";"";"";
"R135";"10K";"CRCW040210K0FKEDC";"RESC1005X35N";"VISHAY - CRCW040210K0FKEDC - RES, THICK FILM, 10K, 0.063W, 0402";"CRCW040210K0FKEDC";"https://www.arrow.com/en/products/crcw040210k0fkedc/vishay?region=nac";"VISHAY - CRCW040210K0FKEDC - RES, THICK FILM, 10K, 0.063W, 0402";"0.35mm";"Vishay";"CRCW040210K0FKEDC";"71-CRCW040210K0FKEDC";"https://www.mouser.co.uk/ProductDetail/Vishay-Dale/CRCW040210K0FKEDC?qs=E3Y5ESvWgWPiNLcGzwCGPg%3D%3D";"";"";
"R136";"2K2";"CR0402-FX-2201GLF";"RESC1005X37N";"BOURNS - CR0402-FX-2201GLF - RES, 2K2, 1%, 0402, THICK FILM";"CR0402-FX-2201GLF";"https://www.arrow.com/en/products/cr0402-fx-2201glf/bourns?region=nac";"BOURNS - CR0402-FX-2201GLF - RES, 2K2, 1%, 0402, THICK FILM";"0.37mm";"Bourns";"CR0402-FX-2201GLF";"652-CR0402FX-2201GLF";"https://www.mouser.co.uk/ProductDetail/Bourns/CR0402-FX-2201GLF?qs=JflQ4L8so%2FvNNp%252Bb%2FjYwIg%3D%3D";"";"";
"R137";"220";"CR0402-JW-221GLF";"RESC1005X40N";"Thick Film Resistors - SMD 220 OHM 5%";"CR0402-JW-221GLF";"https://www.arrow.com/en/products/cr0402-jw-221glf/bourns";"Thick Film Resistors - SMD 220 OHM 5%";"0.4mm";"Bourns";"CR0402-JW-221GLF";"652-CR0402JW-221GLF";"https://www.mouser.com/Search/Refine.aspx?Keyword=652-CR0402JW-221GLF";"";"";
"R138";"10K";"CRCW040210K0FKEDC";"RESC1005X35N";"VISHAY - CRCW040210K0FKEDC - RES, THICK FILM, 10K, 0.063W, 0402";"CRCW040210K0FKEDC";"https://www.arrow.com/en/products/crcw040210k0fkedc/vishay?region=nac";"VISHAY - CRCW040210K0FKEDC - RES, THICK FILM, 10K, 0.063W, 0402";"0.35mm";"Vishay";"CRCW040210K0FKEDC";"71-CRCW040210K0FKEDC";"https://www.mouser.co.uk/ProductDetail/Vishay-Dale/CRCW040210K0FKEDC?qs=E3Y5ESvWgWPiNLcGzwCGPg%3D%3D";"";"";
"R139";"2K2";"CR0402-FX-2201GLF";"RESC1005X37N";"BOURNS - CR0402-FX-2201GLF - RES, 2K2, 1%, 0402, THICK FILM";"CR0402-FX-2201GLF";"https://www.arrow.com/en/products/cr0402-fx-2201glf/bourns?region=nac";"BOURNS - CR0402-FX-2201GLF - RES, 2K2, 1%, 0402, THICK FILM";"0.37mm";"Bourns";"CR0402-FX-2201GLF";"652-CR0402FX-2201GLF";"https://www.mouser.co.uk/ProductDetail/Bourns/CR0402-FX-2201GLF?qs=JflQ4L8so%2FvNNp%252Bb%2FjYwIg%3D%3D";"";"";
"R140";"220";"CR0402-JW-221GLF";"RESC1005X40N";"Thick Film Resistors - SMD 220 OHM 5%";"CR0402-JW-221GLF";"https://www.arrow.com/en/products/cr0402-jw-221glf/bourns";"Thick Film Resistors - SMD 220 OHM 5%";"0.4mm";"Bourns";"CR0402-JW-221GLF";"652-CR0402JW-221GLF";"https://www.mouser.com/Search/Refine.aspx?Keyword=652-CR0402JW-221GLF";"";"";
"R141";"10K";"CRCW040210K0FKEDC";"RESC1005X35N";"VISHAY - CRCW040210K0FKEDC - RES, THICK FILM, 10K, 0.063W, 0402";"CRCW040210K0FKEDC";"https://www.arrow.com/en/products/crcw040210k0fkedc/vishay?region=nac";"VISHAY - CRCW040210K0FKEDC - RES, THICK FILM, 10K, 0.063W, 0402";"0.35mm";"Vishay";"CRCW040210K0FKEDC";"71-CRCW040210K0FKEDC";"https://www.mouser.co.uk/ProductDetail/Vishay-Dale/CRCW040210K0FKEDC?qs=E3Y5ESvWgWPiNLcGzwCGPg%3D%3D";"";"";
"R142";"2K2";"CR0402-FX-2201GLF";"RESC1005X37N";"BOURNS - CR0402-FX-2201GLF - RES, 2K2, 1%, 0402, THICK FILM";"CR0402-FX-2201GLF";"https://www.arrow.com/en/products/cr0402-fx-2201glf/bourns?region=nac";"BOURNS - CR0402-FX-2201GLF - RES, 2K2, 1%, 0402, THICK FILM";"0.37mm";"Bourns";"CR0402-FX-2201GLF";"652-CR0402FX-2201GLF";"https://www.mouser.co.uk/ProductDetail/Bourns/CR0402-FX-2201GLF?qs=JflQ4L8so%2FvNNp%252Bb%2FjYwIg%3D%3D";"";"";
"R143";"220";"CR0402-JW-221GLF";"RESC1005X40N";"Thick Film Resistors - SMD 220 OHM 5%";"CR0402-JW-221GLF";"https://www.arrow.com/en/products/cr0402-jw-221glf/bourns";"Thick Film Resistors - SMD 220 OHM 5%";"0.4mm";"Bourns";"CR0402-JW-221GLF";"652-CR0402JW-221GLF";"https://www.mouser.com/Search/Refine.aspx?Keyword=652-CR0402JW-221GLF";"";"";
"R144";"10K";"CRCW040210K0FKEDC";"RESC1005X35N";"VISHAY - CRCW040210K0FKEDC - RES, THICK FILM, 10K, 0.063W, 0402";"CRCW040210K0FKEDC";"https://www.arrow.com/en/products/crcw040210k0fkedc/vishay?region=nac";"VISHAY - CRCW040210K0FKEDC - RES, THICK FILM, 10K, 0.063W, 0402";"0.35mm";"Vishay";"CRCW040210K0FKEDC";"71-CRCW040210K0FKEDC";"https://www.mouser.co.uk/ProductDetail/Vishay-Dale/CRCW040210K0FKEDC?qs=E3Y5ESvWgWPiNLcGzwCGPg%3D%3D";"";"";
"R145";"2K2";"CR0402-FX-2201GLF";"RESC1005X37N";"BOURNS - CR0402-FX-2201GLF - RES, 2K2, 1%, 0402, THICK FILM";"CR0402-FX-2201GLF";"https://www.arrow.com/en/products/cr0402-fx-2201glf/bourns?region=nac";"BOURNS - CR0402-FX-2201GLF - RES, 2K2, 1%, 0402, THICK FILM";"0.37mm";"Bourns";"CR0402-FX-2201GLF";"652-CR0402FX-2201GLF";"https://www.mouser.co.uk/ProductDetail/Bourns/CR0402-FX-2201GLF?qs=JflQ4L8so%2FvNNp%252Bb%2FjYwIg%3D%3D";"";"";
"R146";"220";"CR0402-JW-221GLF";"RESC1005X40N";"Thick Film Resistors - SMD 220 OHM 5%";"CR0402-JW-221GLF";"https://www.arrow.com/en/products/cr0402-jw-221glf/bourns";"Thick Film Resistors - SMD 220 OHM 5%";"0.4mm";"Bourns";"CR0402-JW-221GLF";"652-CR0402JW-221GLF";"https://www.mouser.com/Search/Refine.aspx?Keyword=652-CR0402JW-221GLF";"";"";
"R147";"10K";"CRCW040210K0FKEDC";"RESC1005X35N";"VISHAY - CRCW040210K0FKEDC - RES, THICK FILM, 10K, 0.063W, 0402";"CRCW040210K0FKEDC";"https://www.arrow.com/en/products/crcw040210k0fkedc/vishay?region=nac";"VISHAY - CRCW040210K0FKEDC - RES, THICK FILM, 10K, 0.063W, 0402";"0.35mm";"Vishay";"CRCW040210K0FKEDC";"71-CRCW040210K0FKEDC";"https://www.mouser.co.uk/ProductDetail/Vishay-Dale/CRCW040210K0FKEDC?qs=E3Y5ESvWgWPiNLcGzwCGPg%3D%3D";"";"";
"R148";"2K2";"CR0402-FX-2201GLF";"RESC1005X37N";"BOURNS - CR0402-FX-2201GLF - RES, 2K2, 1%, 0402, THICK FILM";"CR0402-FX-2201GLF";"https://www.arrow.com/en/products/cr0402-fx-2201glf/bourns?region=nac";"BOURNS - CR0402-FX-2201GLF - RES, 2K2, 1%, 0402, THICK FILM";"0.37mm";"Bourns";"CR0402-FX-2201GLF";"652-CR0402FX-2201GLF";"https://www.mouser.co.uk/ProductDetail/Bourns/CR0402-FX-2201GLF?qs=JflQ4L8so%2FvNNp%252Bb%2FjYwIg%3D%3D";"";"";
"R149";"220";"CR0402-JW-221GLF";"RESC1005X40N";"Thick Film Resistors - SMD 220 OHM 5%";"CR0402-JW-221GLF";"https://www.arrow.com/en/products/cr0402-jw-221glf/bourns";"Thick Film Resistors - SMD 220 OHM 5%";"0.4mm";"Bourns";"CR0402-JW-221GLF";"652-CR0402JW-221GLF";"https://www.mouser.com/Search/Refine.aspx?Keyword=652-CR0402JW-221GLF";"";"";
"R150";"10K";"CRCW040210K0FKEDC";"RESC1005X35N";"VISHAY - CRCW040210K0FKEDC - RES, THICK FILM, 10K, 0.063W, 0402";"CRCW040210K0FKEDC";"https://www.arrow.com/en/products/crcw040210k0fkedc/vishay?region=nac";"VISHAY - CRCW040210K0FKEDC - RES, THICK FILM, 10K, 0.063W, 0402";"0.35mm";"Vishay";"CRCW040210K0FKEDC";"71-CRCW040210K0FKEDC";"https://www.mouser.co.uk/ProductDetail/Vishay-Dale/CRCW040210K0FKEDC?qs=E3Y5ESvWgWPiNLcGzwCGPg%3D%3D";"";"";
"R151";"2K2";"CR0402-FX-2201GLF";"RESC1005X37N";"BOURNS - CR0402-FX-2201GLF - RES, 2K2, 1%, 0402, THICK FILM";"CR0402-FX-2201GLF";"https://www.arrow.com/en/products/cr0402-fx-2201glf/bourns?region=nac";"BOURNS - CR0402-FX-2201GLF - RES, 2K2, 1%, 0402, THICK FILM";"0.37mm";"Bourns";"CR0402-FX-2201GLF";"652-CR0402FX-2201GLF";"https://www.mouser.co.uk/ProductDetail/Bourns/CR0402-FX-2201GLF?qs=JflQ4L8so%2FvNNp%252Bb%2FjYwIg%3D%3D";"";"";
"R152";"220";"CR0402-JW-221GLF";"RESC1005X40N";"Thick Film Resistors - SMD 220 OHM 5%";"CR0402-JW-221GLF";"https://www.arrow.com/en/products/cr0402-jw-221glf/bourns";"Thick Film Resistors - SMD 220 OHM 5%";"0.4mm";"Bourns";"CR0402-JW-221GLF";"652-CR0402JW-221GLF";"https://www.mouser.com/Search/Refine.aspx?Keyword=652-CR0402JW-221GLF";"";"";
"R153";"10K";"CRCW040210K0FKEDC";"RESC1005X35N";"VISHAY - CRCW040210K0FKEDC - RES, THICK FILM, 10K, 0.063W, 0402";"CRCW040210K0FKEDC";"https://www.arrow.com/en/products/crcw040210k0fkedc/vishay?region=nac";"VISHAY - CRCW040210K0FKEDC - RES, THICK FILM, 10K, 0.063W, 0402";"0.35mm";"Vishay";"CRCW040210K0FKEDC";"71-CRCW040210K0FKEDC";"https://www.mouser.co.uk/ProductDetail/Vishay-Dale/CRCW040210K0FKEDC?qs=E3Y5ESvWgWPiNLcGzwCGPg%3D%3D";"";"";
"R154";"2K2";"CR0402-FX-2201GLF";"RESC1005X37N";"BOURNS - CR0402-FX-2201GLF - RES, 2K2, 1%, 0402, THICK FILM";"CR0402-FX-2201GLF";"https://www.arrow.com/en/products/cr0402-fx-2201glf/bourns?region=nac";"BOURNS - CR0402-FX-2201GLF - RES, 2K2, 1%, 0402, THICK FILM";"0.37mm";"Bourns";"CR0402-FX-2201GLF";"652-CR0402FX-2201GLF";"https://www.mouser.co.uk/ProductDetail/Bourns/CR0402-FX-2201GLF?qs=JflQ4L8so%2FvNNp%252Bb%2FjYwIg%3D%3D";"";"";
"R155";"220";"CR0402-JW-221GLF";"RESC1005X40N";"Thick Film Resistors - SMD 220 OHM 5%";"CR0402-JW-221GLF";"https://www.arrow.com/en/products/cr0402-jw-221glf/bourns";"Thick Film Resistors - SMD 220 OHM 5%";"0.4mm";"Bourns";"CR0402-JW-221GLF";"652-CR0402JW-221GLF";"https://www.mouser.com/Search/Refine.aspx?Keyword=652-CR0402JW-221GLF";"";"";
"R156";"10K";"CRCW040210K0FKEDC";"RESC1005X35N";"VISHAY - CRCW040210K0FKEDC - RES, THICK FILM, 10K, 0.063W, 0402";"CRCW040210K0FKEDC";"https://www.arrow.com/en/products/crcw040210k0fkedc/vishay?region=nac";"VISHAY - CRCW040210K0FKEDC - RES, THICK FILM, 10K, 0.063W, 0402";"0.35mm";"Vishay";"CRCW040210K0FKEDC";"71-CRCW040210K0FKEDC";"https://www.mouser.co.uk/ProductDetail/Vishay-Dale/CRCW040210K0FKEDC?qs=E3Y5ESvWgWPiNLcGzwCGPg%3D%3D";"";"";
"R157";"2K2";"CR0402-FX-2201GLF";"RESC1005X37N";"BOURNS - CR0402-FX-2201GLF - RES, 2K2, 1%, 0402, THICK FILM";"CR0402-FX-2201GLF";"https://www.arrow.com/en/products/cr0402-fx-2201glf/bourns?region=nac";"BOURNS - CR0402-FX-2201GLF - RES, 2K2, 1%, 0402, THICK FILM";"0.37mm";"Bourns";"CR0402-FX-2201GLF";"652-CR0402FX-2201GLF";"https://www.mouser.co.uk/ProductDetail/Bourns/CR0402-FX-2201GLF?qs=JflQ4L8so%2FvNNp%252Bb%2FjYwIg%3D%3D";"";"";
"R158";"220";"CR0402-JW-221GLF";"RESC1005X40N";"Thick Film Resistors - SMD 220 OHM 5%";"CR0402-JW-221GLF";"https://www.arrow.com/en/products/cr0402-jw-221glf/bourns";"Thick Film Resistors - SMD 220 OHM 5%";"0.4mm";"Bourns";"CR0402-JW-221GLF";"652-CR0402JW-221GLF";"https://www.mouser.com/Search/Refine.aspx?Keyword=652-CR0402JW-221GLF";"";"";
"R159";"10K";"CRCW040210K0FKEDC";"RESC1005X35N";"VISHAY - CRCW040210K0FKEDC - RES, THICK FILM, 10K, 0.063W, 0402";"CRCW040210K0FKEDC";"https://www.arrow.com/en/products/crcw040210k0fkedc/vishay?region=nac";"VISHAY - CRCW040210K0FKEDC - RES, THICK FILM, 10K, 0.063W, 0402";"0.35mm";"Vishay";"CRCW040210K0FKEDC";"71-CRCW040210K0FKEDC";"https://www.mouser.co.uk/ProductDetail/Vishay-Dale/CRCW040210K0FKEDC?qs=E3Y5ESvWgWPiNLcGzwCGPg%3D%3D";"";"";
"R160";"2K2";"CR0402-FX-2201GLF";"RESC1005X37N";"BOURNS - CR0402-FX-2201GLF - RES, 2K2, 1%, 0402, THICK FILM";"CR0402-FX-2201GLF";"https://www.arrow.com/en/products/cr0402-fx-2201glf/bourns?region=nac";"BOURNS - CR0402-FX-2201GLF - RES, 2K2, 1%, 0402, THICK FILM";"0.37mm";"Bourns";"CR0402-FX-2201GLF";"652-CR0402FX-2201GLF";"https://www.mouser.co.uk/ProductDetail/Bourns/CR0402-FX-2201GLF?qs=JflQ4L8so%2FvNNp%252Bb%2FjYwIg%3D%3D";"";"";
"R161";"220";"CR0402-JW-221GLF";"RESC1005X40N";"Thick Film Resistors - SMD 220 OHM 5%";"CR0402-JW-221GLF";"https://www.arrow.com/en/products/cr0402-jw-221glf/bourns";"Thick Film Resistors - SMD 220 OHM 5%";"0.4mm";"Bourns";"CR0402-JW-221GLF";"652-CR0402JW-221GLF";"https://www.mouser.com/Search/Refine.aspx?Keyword=652-CR0402JW-221GLF";"";"";
"R162";"10K";"CRCW040210K0FKEDC";"RESC1005X35N";"VISHAY - CRCW040210K0FKEDC - RES, THICK FILM, 10K, 0.063W, 0402";"CRCW040210K0FKEDC";"https://www.arrow.com/en/products/crcw040210k0fkedc/vishay?region=nac";"VISHAY - CRCW040210K0FKEDC - RES, THICK FILM, 10K, 0.063W, 0402";"0.35mm";"Vishay";"CRCW040210K0FKEDC";"71-CRCW040210K0FKEDC";"https://www.mouser.co.uk/ProductDetail/Vishay-Dale/CRCW040210K0FKEDC?qs=E3Y5ESvWgWPiNLcGzwCGPg%3D%3D";"";"";
"R163";"2K2";"CR0402-FX-2201GLF";"RESC1005X37N";"BOURNS - CR0402-FX-2201GLF - RES, 2K2, 1%, 0402, THICK FILM";"CR0402-FX-2201GLF";"https://www.arrow.com/en/products/cr0402-fx-2201glf/bourns?region=nac";"BOURNS - CR0402-FX-2201GLF - RES, 2K2, 1%, 0402, THICK FILM";"0.37mm";"Bourns";"CR0402-FX-2201GLF";"652-CR0402FX-2201GLF";"https://www.mouser.co.uk/ProductDetail/Bourns/CR0402-FX-2201GLF?qs=JflQ4L8so%2FvNNp%252Bb%2FjYwIg%3D%3D";"";"";
"R164";"220";"CR0402-JW-221GLF";"RESC1005X40N";"Thick Film Resistors - SMD 220 OHM 5%";"CR0402-JW-221GLF";"https://www.arrow.com/en/products/cr0402-jw-221glf/bourns";"Thick Film Resistors - SMD 220 OHM 5%";"0.4mm";"Bourns";"CR0402-JW-221GLF";"652-CR0402JW-221GLF";"https://www.mouser.com/Search/Refine.aspx?Keyword=652-CR0402JW-221GLF";"";"";
"R165";"10K";"CRCW040210K0FKEDC";"RESC1005X35N";"VISHAY - CRCW040210K0FKEDC - RES, THICK FILM, 10K, 0.063W, 0402";"CRCW040210K0FKEDC";"https://www.arrow.com/en/products/crcw040210k0fkedc/vishay?region=nac";"VISHAY - CRCW040210K0FKEDC - RES, THICK FILM, 10K, 0.063W, 0402";"0.35mm";"Vishay";"CRCW040210K0FKEDC";"71-CRCW040210K0FKEDC";"https://www.mouser.co.uk/ProductDetail/Vishay-Dale/CRCW040210K0FKEDC?qs=E3Y5ESvWgWPiNLcGzwCGPg%3D%3D";"";"";
"R166";"2K2";"CR0402-FX-2201GLF";"RESC1005X37N";"BOURNS - CR0402-FX-2201GLF - RES, 2K2, 1%, 0402, THICK FILM";"CR0402-FX-2201GLF";"https://www.arrow.com/en/products/cr0402-fx-2201glf/bourns?region=nac";"BOURNS - CR0402-FX-2201GLF - RES, 2K2, 1%, 0402, THICK FILM";"0.37mm";"Bourns";"CR0402-FX-2201GLF";"652-CR0402FX-2201GLF";"https://www.mouser.co.uk/ProductDetail/Bourns/CR0402-FX-2201GLF?qs=JflQ4L8so%2FvNNp%252Bb%2FjYwIg%3D%3D";"";"";
"R167";"220";"CR0402-JW-221GLF";"RESC1005X40N";"Thick Film Resistors - SMD 220 OHM 5%";"CR0402-JW-221GLF";"https://www.arrow.com/en/products/cr0402-jw-221glf/bourns";"Thick Film Resistors - SMD 220 OHM 5%";"0.4mm";"Bourns";"CR0402-JW-221GLF";"652-CR0402JW-221GLF";"https://www.mouser.com/Search/Refine.aspx?Keyword=652-CR0402JW-221GLF";"";"";
"R168";"10K";"CRCW040210K0FKEDC";"RESC1005X35N";"VISHAY - CRCW040210K0FKEDC - RES, THICK FILM, 10K, 0.063W, 0402";"CRCW040210K0FKEDC";"https://www.arrow.com/en/products/crcw040210k0fkedc/vishay?region=nac";"VISHAY - CRCW040210K0FKEDC - RES, THICK FILM, 10K, 0.063W, 0402";"0.35mm";"Vishay";"CRCW040210K0FKEDC";"71-CRCW040210K0FKEDC";"https://www.mouser.co.uk/ProductDetail/Vishay-Dale/CRCW040210K0FKEDC?qs=E3Y5ESvWgWPiNLcGzwCGPg%3D%3D";"";"";
"R169";"2K2";"CR0402-FX-2201GLF";"RESC1005X37N";"BOURNS - CR0402-FX-2201GLF - RES, 2K2, 1%, 0402, THICK FILM";"CR0402-FX-2201GLF";"https://www.arrow.com/en/products/cr0402-fx-2201glf/bourns?region=nac";"BOURNS - CR0402-FX-2201GLF - RES, 2K2, 1%, 0402, THICK FILM";"0.37mm";"Bourns";"CR0402-FX-2201GLF";"652-CR0402FX-2201GLF";"https://www.mouser.co.uk/ProductDetail/Bourns/CR0402-FX-2201GLF?qs=JflQ4L8so%2FvNNp%252Bb%2FjYwIg%3D%3D";"";"";
"R170";"220";"CR0402-JW-221GLF";"RESC1005X40N";"Thick Film Resistors - SMD 220 OHM 5%";"CR0402-JW-221GLF";"https://www.arrow.com/en/products/cr0402-jw-221glf/bourns";"Thick Film Resistors - SMD 220 OHM 5%";"0.4mm";"Bourns";"CR0402-JW-221GLF";"652-CR0402JW-221GLF";"https://www.mouser.com/Search/Refine.aspx?Keyword=652-CR0402JW-221GLF";"";"";
"R171";"10K";"CRCW040210K0FKEDC";"RESC1005X35N";"VISHAY - CRCW040210K0FKEDC - RES, THICK FILM, 10K, 0.063W, 0402";"CRCW040210K0FKEDC";"https://www.arrow.com/en/products/crcw040210k0fkedc/vishay?region=nac";"VISHAY - CRCW040210K0FKEDC - RES, THICK FILM, 10K, 0.063W, 0402";"0.35mm";"Vishay";"CRCW040210K0FKEDC";"71-CRCW040210K0FKEDC";"https://www.mouser.co.uk/ProductDetail/Vishay-Dale/CRCW040210K0FKEDC?qs=E3Y5ESvWgWPiNLcGzwCGPg%3D%3D";"";"";
"R172";"2K2";"CR0402-FX-2201GLF";"RESC1005X37N";"BOURNS - CR0402-FX-2201GLF - RES, 2K2, 1%, 0402, THICK FILM";"CR0402-FX-2201GLF";"https://www.arrow.com/en/products/cr0402-fx-2201glf/bourns?region=nac";"BOURNS - CR0402-FX-2201GLF - RES, 2K2, 1%, 0402, THICK FILM";"0.37mm";"Bourns";"CR0402-FX-2201GLF";"652-CR0402FX-2201GLF";"https://www.mouser.co.uk/ProductDetail/Bourns/CR0402-FX-2201GLF?qs=JflQ4L8so%2FvNNp%252Bb%2FjYwIg%3D%3D";"";"";
"R173";"220";"CR0402-JW-221GLF";"RESC1005X40N";"Thick Film Resistors - SMD 220 OHM 5%";"CR0402-JW-221GLF";"https://www.arrow.com/en/products/cr0402-jw-221glf/bourns";"Thick Film Resistors - SMD 220 OHM 5%";"0.4mm";"Bourns";"CR0402-JW-221GLF";"652-CR0402JW-221GLF";"https://www.mouser.com/Search/Refine.aspx?Keyword=652-CR0402JW-221GLF";"";"";
"R174";"10K";"CRCW040210K0FKEDC";"RESC1005X35N";"VISHAY - CRCW040210K0FKEDC - RES, THICK FILM, 10K, 0.063W, 0402";"CRCW040210K0FKEDC";"https://www.arrow.com/en/products/crcw040210k0fkedc/vishay?region=nac";"VISHAY - CRCW040210K0FKEDC - RES, THICK FILM, 10K, 0.063W, 0402";"0.35mm";"Vishay";"CRCW040210K0FKEDC";"71-CRCW040210K0FKEDC";"https://www.mouser.co.uk/ProductDetail/Vishay-Dale/CRCW040210K0FKEDC?qs=E3Y5ESvWgWPiNLcGzwCGPg%3D%3D";"";"";
"R175";"2K2";"CR0402-FX-2201GLF";"RESC1005X37N";"BOURNS - CR0402-FX-2201GLF - RES, 2K2, 1%, 0402, THICK FILM";"CR0402-FX-2201GLF";"https://www.arrow.com/en/products/cr0402-fx-2201glf/bourns?region=nac";"BOURNS - CR0402-FX-2201GLF - RES, 2K2, 1%, 0402, THICK FILM";"0.37mm";"Bourns";"CR0402-FX-2201GLF";"652-CR0402FX-2201GLF";"https://www.mouser.co.uk/ProductDetail/Bourns/CR0402-FX-2201GLF?qs=JflQ4L8so%2FvNNp%252Bb%2FjYwIg%3D%3D";"";"";
"R176";"220";"CR0402-JW-221GLF";"RESC1005X40N";"Thick Film Resistors - SMD 220 OHM 5%";"CR0402-JW-221GLF";"https://www.arrow.com/en/products/cr0402-jw-221glf/bourns";"Thick Film Resistors - SMD 220 OHM 5%";"0.4mm";"Bourns";"CR0402-JW-221GLF";"652-CR0402JW-221GLF";"https://www.mouser.com/Search/Refine.aspx?Keyword=652-CR0402JW-221GLF";"";"";
"R177";"10K";"CRCW040210K0FKEDC";"RESC1005X35N";"VISHAY - CRCW040210K0FKEDC - RES, THICK FILM, 10K, 0.063W, 0402";"CRCW040210K0FKEDC";"https://www.arrow.com/en/products/crcw040210k0fkedc/vishay?region=nac";"VISHAY - CRCW040210K0FKEDC - RES, THICK FILM, 10K, 0.063W, 0402";"0.35mm";"Vishay";"CRCW040210K0FKEDC";"71-CRCW040210K0FKEDC";"https://www.mouser.co.uk/ProductDetail/Vishay-Dale/CRCW040210K0FKEDC?qs=E3Y5ESvWgWPiNLcGzwCGPg%3D%3D";"";"";
"R178";"2K2";"CR0402-FX-2201GLF";"RESC1005X37N";"BOURNS - CR0402-FX-2201GLF - RES, 2K2, 1%, 0402, THICK FILM";"CR0402-FX-2201GLF";"https://www.arrow.com/en/products/cr0402-fx-2201glf/bourns?region=nac";"BOURNS - CR0402-FX-2201GLF - RES, 2K2, 1%, 0402, THICK FILM";"0.37mm";"Bourns";"CR0402-FX-2201GLF";"652-CR0402FX-2201GLF";"https://www.mouser.co.uk/ProductDetail/Bourns/CR0402-FX-2201GLF?qs=JflQ4L8so%2FvNNp%252Bb%2FjYwIg%3D%3D";"";"";
"R179";"220";"CR0402-JW-221GLF";"RESC1005X40N";"Thick Film Resistors - SMD 220 OHM 5%";"CR0402-JW-221GLF";"https://www.arrow.com/en/products/cr0402-jw-221glf/bourns";"Thick Film Resistors - SMD 220 OHM 5%";"0.4mm";"Bourns";"CR0402-JW-221GLF";"652-CR0402JW-221GLF";"https://www.mouser.com/Search/Refine.aspx?Keyword=652-CR0402JW-221GLF";"";"";
"R180";"10K";"CRCW040210K0FKEDC";"RESC1005X35N";"VISHAY - CRCW040210K0FKEDC - RES, THICK FILM, 10K, 0.063W, 0402";"CRCW040210K0FKEDC";"https://www.arrow.com/en/products/crcw040210k0fkedc/vishay?region=nac";"VISHAY - CRCW040210K0FKEDC - RES, THICK FILM, 10K, 0.063W, 0402";"0.35mm";"Vishay";"CRCW040210K0FKEDC";"71-CRCW040210K0FKEDC";"https://www.mouser.co.uk/ProductDetail/Vishay-Dale/CRCW040210K0FKEDC?qs=E3Y5ESvWgWPiNLcGzwCGPg%3D%3D";"";"";
"R181";"2K2";"CR0402-FX-2201GLF";"RESC1005X37N";"BOURNS - CR0402-FX-2201GLF - RES, 2K2, 1%, 0402, THICK FILM";"CR0402-FX-2201GLF";"https://www.arrow.com/en/products/cr0402-fx-2201glf/bourns?region=nac";"BOURNS - CR0402-FX-2201GLF - RES, 2K2, 1%, 0402, THICK FILM";"0.37mm";"Bourns";"CR0402-FX-2201GLF";"652-CR0402FX-2201GLF";"https://www.mouser.co.uk/ProductDetail/Bourns/CR0402-FX-2201GLF?qs=JflQ4L8so%2FvNNp%252Bb%2FjYwIg%3D%3D";"";"";
"R182";"220";"CR0402-JW-221GLF";"RESC1005X40N";"Thick Film Resistors - SMD 220 OHM 5%";"CR0402-JW-221GLF";"https://www.arrow.com/en/products/cr0402-jw-221glf/bourns";"Thick Film Resistors - SMD 220 OHM 5%";"0.4mm";"Bourns";"CR0402-JW-221GLF";"652-CR0402JW-221GLF";"https://www.mouser.com/Search/Refine.aspx?Keyword=652-CR0402JW-221GLF";"";"";
"R183";"10K";"CRCW040210K0FKEDC";"RESC1005X35N";"VISHAY - CRCW040210K0FKEDC - RES, THICK FILM, 10K, 0.063W, 0402";"CRCW040210K0FKEDC";"https://www.arrow.com/en/products/crcw040210k0fkedc/vishay?region=nac";"VISHAY - CRCW040210K0FKEDC - RES, THICK FILM, 10K, 0.063W, 0402";"0.35mm";"Vishay";"CRCW040210K0FKEDC";"71-CRCW040210K0FKEDC";"https://www.mouser.co.uk/ProductDetail/Vishay-Dale/CRCW040210K0FKEDC?qs=E3Y5ESvWgWPiNLcGzwCGPg%3D%3D";"";"";
"R184";"2K2";"CR0402-FX-2201GLF";"RESC1005X37N";"BOURNS - CR0402-FX-2201GLF - RES, 2K2, 1%, 0402, THICK FILM";"CR0402-FX-2201GLF";"https://www.arrow.com/en/products/cr0402-fx-2201glf/bourns?region=nac";"BOURNS - CR0402-FX-2201GLF - RES, 2K2, 1%, 0402, THICK FILM";"0.37mm";"Bourns";"CR0402-FX-2201GLF";"652-CR0402FX-2201GLF";"https://www.mouser.co.uk/ProductDetail/Bourns/CR0402-FX-2201GLF?qs=JflQ4L8so%2FvNNp%252Bb%2FjYwIg%3D%3D";"";"";
"R185";"CR0402-JW-221GLF";"CR0402-JW-221GLF";"RESC1005X40N";"Thick Film Resistors - SMD 220 OHM 5%";"CR0402-JW-221GLF";"https://www.arrow.com/en/products/cr0402-jw-221glf/bourns";"Thick Film Resistors - SMD 220 OHM 5%";"0.4mm";"Bourns";"CR0402-JW-221GLF";"652-CR0402JW-221GLF";"https://www.mouser.com/Search/Refine.aspx?Keyword=652-CR0402JW-221GLF";"";"";
"R186";"10K";"CRCW040210K0FKEDC";"RESC1005X35N";"VISHAY - CRCW040210K0FKEDC - RES, THICK FILM, 10K, 0.063W, 0402";"CRCW040210K0FKEDC";"https://www.arrow.com/en/products/crcw040210k0fkedc/vishay?region=nac";"VISHAY - CRCW040210K0FKEDC - RES, THICK FILM, 10K, 0.063W, 0402";"0.35mm";"Vishay";"CRCW040210K0FKEDC";"71-CRCW040210K0FKEDC";"https://www.mouser.co.uk/ProductDetail/Vishay-Dale/CRCW040210K0FKEDC?qs=E3Y5ESvWgWPiNLcGzwCGPg%3D%3D";"";"";
"R187";"2K2";"CR0402-FX-2201GLF";"RESC1005X37N";"BOURNS - CR0402-FX-2201GLF - RES, 2K2, 1%, 0402, THICK FILM";"CR0402-FX-2201GLF";"https://www.arrow.com/en/products/cr0402-fx-2201glf/bourns?region=nac";"BOURNS - CR0402-FX-2201GLF - RES, 2K2, 1%, 0402, THICK FILM";"0.37mm";"Bourns";"CR0402-FX-2201GLF";"652-CR0402FX-2201GLF";"https://www.mouser.co.uk/ProductDetail/Bourns/CR0402-FX-2201GLF?qs=JflQ4L8so%2FvNNp%252Bb%2FjYwIg%3D%3D";"";"";
"R188";"220";"CR0402-JW-221GLF";"RESC1005X40N";"Thick Film Resistors - SMD 220 OHM 5%";"CR0402-JW-221GLF";"https://www.arrow.com/en/products/cr0402-jw-221glf/bourns";"Thick Film Resistors - SMD 220 OHM 5%";"0.4mm";"Bourns";"CR0402-JW-221GLF";"652-CR0402JW-221GLF";"https://www.mouser.com/Search/Refine.aspx?Keyword=652-CR0402JW-221GLF";"";"";
"R189";"10K";"CRCW040210K0FKEDC";"RESC1005X35N";"VISHAY - CRCW040210K0FKEDC - RES, THICK FILM, 10K, 0.063W, 0402";"CRCW040210K0FKEDC";"https://www.arrow.com/en/products/crcw040210k0fkedc/vishay?region=nac";"VISHAY - CRCW040210K0FKEDC - RES, THICK FILM, 10K, 0.063W, 0402";"0.35mm";"Vishay";"CRCW040210K0FKEDC";"71-CRCW040210K0FKEDC";"https://www.mouser.co.uk/ProductDetail/Vishay-Dale/CRCW040210K0FKEDC?qs=E3Y5ESvWgWPiNLcGzwCGPg%3D%3D";"";"";
"R190";"2K2";"CR0402-FX-2201GLF";"RESC1005X37N";"BOURNS - CR0402-FX-2201GLF - RES, 2K2, 1%, 0402, THICK FILM";"CR0402-FX-2201GLF";"https://www.arrow.com/en/products/cr0402-fx-2201glf/bourns?region=nac";"BOURNS - CR0402-FX-2201GLF - RES, 2K2, 1%, 0402, THICK FILM";"0.37mm";"Bourns";"CR0402-FX-2201GLF";"652-CR0402FX-2201GLF";"https://www.mouser.co.uk/ProductDetail/Bourns/CR0402-FX-2201GLF?qs=JflQ4L8so%2FvNNp%252Bb%2FjYwIg%3D%3D";"";"";
"R191";"220";"CR0402-JW-221GLF";"RESC1005X40N";"Thick Film Resistors - SMD 220 OHM 5%";"CR0402-JW-221GLF";"https://www.arrow.com/en/products/cr0402-jw-221glf/bourns";"Thick Film Resistors - SMD 220 OHM 5%";"0.4mm";"Bourns";"CR0402-JW-221GLF";"652-CR0402JW-221GLF";"https://www.mouser.com/Search/Refine.aspx?Keyword=652-CR0402JW-221GLF";"";"";
"R192";"10K";"CRCW040210K0FKEDC";"RESC1005X35N";"VISHAY - CRCW040210K0FKEDC - RES, THICK FILM, 10K, 0.063W, 0402";"CRCW040210K0FKEDC";"https://www.arrow.com/en/products/crcw040210k0fkedc/vishay?region=nac";"VISHAY - CRCW040210K0FKEDC - RES, THICK FILM, 10K, 0.063W, 0402";"0.35mm";"Vishay";"CRCW040210K0FKEDC";"71-CRCW040210K0FKEDC";"https://www.mouser.co.uk/ProductDetail/Vishay-Dale/CRCW040210K0FKEDC?qs=E3Y5ESvWgWPiNLcGzwCGPg%3D%3D";"";"";
"R193";"2K2";"CR0402-FX-2201GLF";"RESC1005X37N";"BOURNS - CR0402-FX-2201GLF - RES, 2K2, 1%, 0402, THICK FILM";"CR0402-FX-2201GLF";"https://www.arrow.com/en/products/cr0402-fx-2201glf/bourns?region=nac";"BOURNS - CR0402-FX-2201GLF - RES, 2K2, 1%, 0402, THICK FILM";"0.37mm";"Bourns";"CR0402-FX-2201GLF";"652-CR0402FX-2201GLF";"https://www.mouser.co.uk/ProductDetail/Bourns/CR0402-FX-2201GLF?qs=JflQ4L8so%2FvNNp%252Bb%2FjYwIg%3D%3D";"";"";
"R194";"220";"CR0402-JW-221GLF";"RESC1005X40N";"Thick Film Resistors - SMD 220 OHM 5%";"CR0402-JW-221GLF";"https://www.arrow.com/en/products/cr0402-jw-221glf/bourns";"Thick Film Resistors - SMD 220 OHM 5%";"0.4mm";"Bourns";"CR0402-JW-221GLF";"652-CR0402JW-221GLF";"https://www.mouser.com/Search/Refine.aspx?Keyword=652-CR0402JW-221GLF";"";"";
"R195";"10K";"CRCW040210K0FKEDC";"RESC1005X35N";"VISHAY - CRCW040210K0FKEDC - RES, THICK FILM, 10K, 0.063W, 0402";"CRCW040210K0FKEDC";"https://www.arrow.com/en/products/crcw040210k0fkedc/vishay?region=nac";"VISHAY - CRCW040210K0FKEDC - RES, THICK FILM, 10K, 0.063W, 0402";"0.35mm";"Vishay";"CRCW040210K0FKEDC";"71-CRCW040210K0FKEDC";"https://www.mouser.co.uk/ProductDetail/Vishay-Dale/CRCW040210K0FKEDC?qs=E3Y5ESvWgWPiNLcGzwCGPg%3D%3D";"";"";
"R196";"2K2";"CR0402-FX-2201GLF";"RESC1005X37N";"BOURNS - CR0402-FX-2201GLF - RES, 2K2, 1%, 0402, THICK FILM";"CR0402-FX-2201GLF";"https://www.arrow.com/en/products/cr0402-fx-2201glf/bourns?region=nac";"BOURNS - CR0402-FX-2201GLF - RES, 2K2, 1%, 0402, THICK FILM";"0.37mm";"Bourns";"CR0402-FX-2201GLF";"652-CR0402FX-2201GLF";"https://www.mouser.co.uk/ProductDetail/Bourns/CR0402-FX-2201GLF?qs=JflQ4L8so%2FvNNp%252Bb%2FjYwIg%3D%3D";"";"";
"R197";"220";"CR0402-JW-221GLF";"RESC1005X40N";"Thick Film Resistors - SMD 220 OHM 5%";"CR0402-JW-221GLF";"https://www.arrow.com/en/products/cr0402-jw-221glf/bourns";"Thick Film Resistors - SMD 220 OHM 5%";"0.4mm";"Bourns";"CR0402-JW-221GLF";"652-CR0402JW-221GLF";"https://www.mouser.com/Search/Refine.aspx?Keyword=652-CR0402JW-221GLF";"";"";
"RV1";"MOV-10D561K";"MOV-10D561K";"MOV10D561K";"Varistors 180pF 560volts 10%";"MOV-10D561K";"https://www.arrow.com/en/products/mov-10d561k/bourns";"Varistors 180pF 560volts 10%";"15.5mm";"Bourns";"MOV-10D561K";"652-MOV-10D561K";"https://www.mouser.co.uk/ProductDetail/Bourns/MOV-10D561K?qs=lgttKnAd%252B2ArrqGQgWwr6w%3D%3D";"";"";
"S1";"SKRAAKE010";"SKRAAKE010";"SKRAAKE010_1";"Tact switch,SMT,SPST,white,2.45N o/force White Stem Tactile Switch, SPST-NO 50 mA 3.4mm";"SKRAAKE010";"https://www.arrow.com/en/products/skraake010/alps-electric";"Tact switch,SMT,SPST,white,2.45N o/force White Stem Tactile Switch, SPST-NO 50 mA 3.4mm";"mm";"ALPS Electric";"SKRAAKE010";"688-SKRAAK";"https://www.mouser.co.uk/ProductDetail/Alps-Alpine/SKRAAKE010?qs=W5eanQMd1BB0RPz8ZhKlUA%3D%3D";"";"";
"S2";"SKRAAKE010";"SKRAAKE010";"SKRAAKE010_1";"Tact switch,SMT,SPST,white,2.45N o/force White Stem Tactile Switch, SPST-NO 50 mA 3.4mm";"SKRAAKE010";"https://www.arrow.com/en/products/skraake010/alps-electric";"Tact switch,SMT,SPST,white,2.45N o/force White Stem Tactile Switch, SPST-NO 50 mA 3.4mm";"mm";"ALPS Electric";"SKRAAKE010";"688-SKRAAK";"https://www.mouser.co.uk/ProductDetail/Alps-Alpine/SKRAAKE010?qs=W5eanQMd1BB0RPz8ZhKlUA%3D%3D";"";"";
"S3";"SKRAAKE010";"SKRAAKE010";"SKRAAKE010_1";"Tact switch,SMT,SPST,white,2.45N o/force White Stem Tactile Switch, SPST-NO 50 mA 3.4mm";"SKRAAKE010";"https://www.arrow.com/en/products/skraake010/alps-electric";"Tact switch,SMT,SPST,white,2.45N o/force White Stem Tactile Switch, SPST-NO 50 mA 3.4mm";"mm";"ALPS Electric";"SKRAAKE010";"688-SKRAAK";"https://www.mouser.co.uk/ProductDetail/Alps-Alpine/SKRAAKE010?qs=W5eanQMd1BB0RPz8ZhKlUA%3D%3D";"";"";
"U2";"5055323-9";"5055323-9";"50553239";"AMP - TE CONNECTIVITY - 5055323-9 - POWER TAB, ASSEMBLY, WITH SCREW";"5055323-9";"https://www.arrow.com/en/products/5055323-9/te-connectivity";"AMP - TE CONNECTIVITY - 5055323-9 - POWER TAB, ASSEMBLY, WITH SCREW";"7.2898mm";"TE Connectivity";"5055323-9";"571-5055323-9";"https://www.mouser.co.uk/ProductDetail/TE-Connectivity/5055323-9?qs=Ko7makLHeK5WcBiq4KwKgA%3D%3D";"";"";
"U3";"5055323-9";"5055323-9";"50553239";"AMP - TE CONNECTIVITY - 5055323-9 - POWER TAB, ASSEMBLY, WITH SCREW";"5055323-9";"https://www.arrow.com/en/products/5055323-9/te-connectivity";"AMP - TE CONNECTIVITY - 5055323-9 - POWER TAB, ASSEMBLY, WITH SCREW";"7.2898mm";"TE Connectivity";"5055323-9";"571-5055323-9";"https://www.mouser.co.uk/ProductDetail/TE-Connectivity/5055323-9?qs=Ko7makLHeK5WcBiq4KwKgA%3D%3D";"";"";
"Y1";"NX3225GA-12MHZ-STD-CRG-2";"NX3225GA-12MHZ-STD-CRG-2";"NX3225GA12MHZSTDCRG2";"NDK 12MHz Crystal Unit +/-20ppm SMD 4-Pin 3.2 x 2.5 x 0.75mm";"";"";"NDK 12MHz Crystal Unit +/-20ppm SMD 4-Pin 3.2 x 2.5 x 0.75mm";"0.9mm";"NDK";"NX3225GA-12MHZ-STD-CRG-2";"344-NX3225GA12STCRG2";"https://www.mouser.co.uk/ProductDetail/NDK/NX3225GA-12MHZ-STD-CRG-2?qs=w%2Fv1CP2dgqoRB9b4zEbU%252BQ%3D%3D";"";"";
"Y3";"FA-238_25.0000MB-C3";"FA-238_25.0000MB-C3";"FA238300000MBC0";"Crystals 25MHz 50ppm 18pF -20C +70C";"FA-238 25.0000MB-C3";"https://www.arrow.com/en/products/fa-23825.0000mb-c3/epson-electronics-america";"Crystals 25MHz 50ppm 18pF -20C +70C";"0.7mm";"Epson Timing";"FA-238 25.0000MB-C3";"732-FA238-25B-C3";"https://www.mouser.co.uk/ProductDetail/Epson-Timing/FA-238-25.0000MB-C3?qs=CANAagUtPAqYIDF5A41Crg%3D%3D";"";"";
